Brand,Price,Horsepower,Fuel Efficiency,Encoded_Brand,Scaled_Horsepower,Scaled_Fuel_Efficiency,Scaled_Brand,Performance_Index
Brand C,91942,0.7050000000000001,0.21199999999999997,6,0.7050000000000001,0.21199999999999997,0.625,0.14945999999999998
Brand A,70075,0.2425,0.904,4,0.2425,0.904,0.375,0.21922
Brand C,84524,0.22000000000000003,0.9959999999999999,6,0.22000000000000003,0.9959999999999999,0.625,0.21912
Brand E,68939,0.395,0.20399999999999996,2,0.395,0.20399999999999996,0.125,0.08057999999999998
Brand X,66505,0.4425,0.12,8,0.4425,0.12,0.875,0.0531
Brand W,92762,0.0625,0.33999999999999997,1,0.0625,0.33999999999999997,0.0,0.021249999999999998
Brand Y,99356,0.45999999999999996,0.42400000000000004,3,0.45999999999999996,0.42400000000000004,0.25,0.19504
Brand A,38486,0.8625,0.48,4,0.8625,0.48,0.375,0.414
Brand A,54628,0.815,0.14,4,0.815,0.14,0.375,0.11410000000000001
Brand D,93925,0.375,0.4840000000000001,9,0.375,0.4840000000000001,1.0,0.18150000000000005
Brand D,91392,0.24,0.9840000000000001,9,0.24,0.9840000000000001,1.0,0.23616
Brand W,44426,0.35750000000000004,0.7559999999999999,1,0.35750000000000004,0.7559999999999999,0.0,0.27027
Brand B,80911,0.7000000000000001,0.16000000000000003,5,0.7000000000000001,0.16000000000000003,0.5,0.11200000000000003
Brand Z,70801,0.835,0.08399999999999996,7,0.835,0.08399999999999996,0.75,0.07013999999999997
Brand Y,56553,0.4175,0.664,3,0.4175,0.664,0.25,0.27722
Brand C,98956,0.505,0.388,6,0.505,0.388,0.625,0.19594
Brand D,41342,0.7425,0.43599999999999994,9,0.7425,0.43599999999999994,1.0,0.32372999999999996
Brand Y,56788,0.6775,0.264,3,0.6775,0.264,0.25,0.17886000000000002
Brand W,73681,0.67,0.512,1,0.67,0.512,0.0,0.34304
Brand C,63849,0.8700000000000001,0.532,6,0.8700000000000001,0.532,0.625,0.4628400000000001
Brand D,66440,0.73,0.86,9,0.73,0.86,1.0,0.6278
Brand D,32201,0.8574999999999999,0.856,9,0.8574999999999999,0.856,1.0,0.7340199999999999
Brand C,58132,0.4275,0.17600000000000005,6,0.4275,0.17600000000000005,0.625,0.07524000000000002
Brand W,55534,0.47250000000000003,0.45200000000000007,1,0.47250000000000003,0.45200000000000007,0.0,0.21357000000000004
Brand D,58482,0.5650000000000001,0.7279999999999999,9,0.5650000000000001,0.7279999999999999,1.0,0.41131999999999996
Brand D,62941,0.7875000000000001,0.816,9,0.7875000000000001,0.816,1.0,0.6426000000000001
Brand Z,38558,0.8125,0.9319999999999998,7,0.8125,0.9319999999999998,0.75,0.7572499999999999
Brand Z,89631,0.14750000000000002,0.816,7,0.14750000000000002,0.816,0.75,0.12036000000000001
Brand Y,81392,0.057499999999999996,0.7520000000000001,3,0.057499999999999996,0.7520000000000001,0.25,0.04324
Brand Z,88737,0.08250000000000002,0.21199999999999997,7,0.08250000000000002,0.21199999999999997,0.75,0.017490000000000002
Brand Y,83940,0.7949999999999999,0.824,3,0.7949999999999999,0.824,0.25,0.6550799999999999
Brand W,78623,0.7650000000000001,0.7440000000000001,1,0.7650000000000001,0.7440000000000001,0.0,0.5691600000000002
Brand E,54572,0.905,0.9680000000000001,2,0.905,0.9680000000000001,0.125,0.8760400000000002
Brand X,90994,0.78,0.45999999999999996,8,0.78,0.45999999999999996,0.875,0.3588
Brand E,93796,0.5025000000000001,0.392,2,0.5025000000000001,0.392,0.125,0.19698000000000004
Brand Y,87899,0.6875,0.9800000000000001,3,0.6875,0.9800000000000001,0.25,0.6737500000000001
Brand X,53136,0.62,0.7919999999999999,8,0.62,0.7919999999999999,0.875,0.49104
Brand D,59191,0.68,0.31999999999999995,9,0.68,0.31999999999999995,1.0,0.2176
Brand W,31549,0.48250000000000004,0.4,1,0.48250000000000004,0.4,0.0,0.19300000000000003
Brand Y,65818,0.22750000000000004,0.524,3,0.22750000000000004,0.524,0.25,0.11921000000000002
Brand W,32910,0.9225000000000001,0.7040000000000001,1,0.9225000000000001,0.7040000000000001,0.0,0.6494400000000001
Brand A,38830,0.11249999999999999,0.7200000000000001,4,0.11249999999999999,0.7200000000000001,0.375,0.081
Brand B,49391,0.6925,0.7599999999999999,5,0.6925,0.7599999999999999,0.5,0.5262999999999999
Brand Z,91045,0.9475,0.21599999999999997,7,0.9475,0.21599999999999997,0.75,0.20465999999999998
Brand D,83677,0.8775,0.16799999999999993,9,0.8775,0.16799999999999993,1.0,0.14741999999999994
Brand A,86547,0.3425,0.48,4,0.3425,0.48,0.375,0.16440000000000002
Brand B,63487,0.7475,0.656,5,0.7475,0.656,0.5,0.4903600000000001
Brand C,56290,0.265,0.3959999999999999,6,0.265,0.3959999999999999,0.625,0.10493999999999998
Brand D,47458,0.72,0.5920000000000001,9,0.72,0.5920000000000001,1.0,0.42624000000000006
Brand E,61479,0.605,0.492,2,0.605,0.492,0.125,0.29766
Brand X,87307,0.97,0.16799999999999993,8,0.97,0.16799999999999993,0.875,0.16295999999999994
Brand D,71988,0.6075,0.244,9,0.6075,0.244,1.0,0.14823
Brand E,58456,0.09500000000000003,0.8040000000000002,2,0.09500000000000003,0.8040000000000002,0.125,0.07638000000000005
Brand X,66884,0.7225,0.9600000000000001,8,0.7225,0.9600000000000001,0.875,0.6936000000000001
Brand C,46162,0.7925,0.624,6,0.7925,0.624,0.625,0.49452
Brand X,77816,0.25,0.10399999999999998,8,0.25,0.10399999999999998,0.875,0.025999999999999995
Brand E,99746,0.7925,0.10399999999999998,2,0.7925,0.10399999999999998,0.125,0.08241999999999998
Brand C,34281,0.7425,0.9559999999999998,6,0.7425,0.9559999999999998,0.625,0.70983
Brand B,49012,0.375,0.7240000000000001,5,0.375,0.7240000000000001,0.5,0.2715
Brand X,71598,0.68,0.388,8,0.68,0.388,0.875,0.26384
Brand B,49863,0.8725,0.576,5,0.8725,0.576,0.5,0.50256
Brand W,91999,0.94,0.608,1,0.94,0.608,0.0,0.5715199999999999
Brand B,55450,0.21500000000000002,0.9,5,0.21500000000000002,0.9,0.5,0.19350000000000003
Brand A,38366,0.3325,0.15600000000000003,4,0.3325,0.15600000000000003,0.375,0.05187000000000001
Brand C,69103,0.08000000000000002,0.236,6,0.08000000000000002,0.236,0.625,0.01888
Brand C,31700,0.22750000000000004,0.88,6,0.22750000000000004,0.88,0.625,0.20020000000000004
Brand D,70482,0.935,0.92,9,0.935,0.92,1.0,0.8602000000000001
Brand W,72835,0.36,0.86,1,0.36,0.86,0.0,0.3096
Brand W,35571,0.635,0.62,1,0.635,0.62,0.0,0.3937
Brand X,37908,0.26249999999999996,0.17600000000000005,8,0.26249999999999996,0.17600000000000005,0.875,0.046200000000000005
Brand A,49095,0.2425,0.264,4,0.2425,0.264,0.375,0.06402000000000001
Brand A,98767,0.5750000000000001,0.01200000000000001,4,0.5750000000000001,0.01200000000000001,0.375,0.006900000000000007
Brand W,33667,0.4575,0.7080000000000001,1,0.4575,0.7080000000000001,0.0,0.32391000000000003
Brand C,47868,0.135,0.19599999999999995,6,0.135,0.19599999999999995,0.625,0.026459999999999994
Brand Y,32684,0.30500000000000005,0.7559999999999999,3,0.30500000000000005,0.7559999999999999,0.25,0.23058
Brand Z,95983,0.4275,0.384,7,0.4275,0.384,0.75,0.16416
Brand X,89267,0.26,0.596,8,0.26,0.596,0.875,0.15496
Brand X,33850,0.77,0.82,8,0.77,0.82,0.875,0.6314
Brand W,84671,0.13,0.26,1,0.13,0.26,0.0,0.033800000000000004
Brand W,54081,0.28,0.31999999999999995,1,0.28,0.31999999999999995,0.0,0.0896
Brand C,57404,0.6425000000000001,0.9680000000000001,6,0.6425000000000001,0.9680000000000001,0.625,0.6219400000000002
Brand Z,76085,0.9425000000000001,0.23199999999999998,7,0.9425000000000001,0.23199999999999998,0.75,0.21866000000000002
Brand E,94629,0.7849999999999999,0.612,2,0.7849999999999999,0.612,0.125,0.48041999999999996
Brand C,39722,0.7875000000000001,0.007999999999999952,6,0.7875000000000001,0.007999999999999952,0.625,0.006299999999999963
Brand Z,75163,0.19,0.31599999999999995,7,0.19,0.31599999999999995,0.75,0.06003999999999999
Brand A,82723,0.1875,0.628,4,0.1875,0.628,0.375,0.11775
Brand D,69648,0.355,0.9600000000000001,9,0.355,0.9600000000000001,1.0,0.3408
Brand B,36457,0.04749999999999999,0.852,5,0.04749999999999999,0.852,0.5,0.040469999999999985
Brand D,73006,0.1875,0.576,9,0.1875,0.576,1.0,0.10799999999999998
Brand E,58809,0.9675,0.33599999999999997,2,0.9675,0.33599999999999997,0.125,0.32508
Brand C,60421,0.9299999999999999,0.832,6,0.9299999999999999,0.832,0.625,0.7737599999999999
Brand B,60815,0.6075,0.404,5,0.6075,0.404,0.5,0.24543000000000004
Brand Y,82142,0.8075000000000001,0.45999999999999996,3,0.8075000000000001,0.45999999999999996,0.25,0.37145
Brand Y,99304,0.8725,0.632,3,0.8725,0.632,0.25,0.55142
Brand C,67139,0.24,0.2759999999999999,6,0.24,0.2759999999999999,0.625,0.06623999999999998
Brand X,72244,0.27249999999999996,0.28,8,0.27249999999999996,0.28,0.875,0.07629999999999999
Brand D,81681,0.09250000000000003,0.33999999999999997,9,0.09250000000000003,0.33999999999999997,1.0,0.031450000000000006
Brand X,96377,0.0050000000000000044,0.08399999999999996,8,0.0050000000000000044,0.08399999999999996,0.875,0.0004200000000000002
Brand X,96461,0.28500000000000003,0.7400000000000001,8,0.28500000000000003,0.7400000000000001,0.875,0.21090000000000006
Brand W,49762,0.07,0.9600000000000001,1,0.07,0.9600000000000001,0.0,0.06720000000000001
Brand E,34119,0.8825000000000001,0.30400000000000005,2,0.8825000000000001,0.30400000000000005,0.125,0.2682800000000001
Brand A,48537,0.2025,0.5359999999999999,4,0.2025,0.5359999999999999,0.375,0.10854
Brand X,94739,0.7025,0.512,8,0.7025,0.512,0.875,0.35968
Brand Y,41256,0.9450000000000001,0.43200000000000005,3,0.9450000000000001,0.43200000000000005,0.25,0.40824000000000005
Brand D,80533,0.30000000000000004,0.7320000000000001,9,0.30000000000000004,0.7320000000000001,1.0,0.21960000000000007
Brand D,71517,0.7325,0.9680000000000001,9,0.7325,0.9680000000000001,1.0,0.7090600000000001
Brand A,73334,0.7650000000000001,0.17200000000000004,4,0.7650000000000001,0.17200000000000004,0.375,0.13158000000000006
Brand W,50421,0.405,0.09200000000000003,1,0.405,0.09200000000000003,0.0,0.037260000000000015
Brand B,48526,0.855,0.14400000000000002,5,0.855,0.14400000000000002,0.5,0.12312000000000001
Brand Y,72626,0.8500000000000001,0.44400000000000006,3,0.8500000000000001,0.44400000000000006,0.25,0.37740000000000007
Brand Y,60759,0.09500000000000003,0.7679999999999999,3,0.09500000000000003,0.7679999999999999,0.25,0.07296000000000001
Brand A,33431,0.5675,0.92,4,0.5675,0.92,0.375,0.5221
Brand D,64870,0.39749999999999996,0.868,9,0.39749999999999996,0.868,1.0,0.34502999999999995
Brand B,70915,0.6875,0.7759999999999999,5,0.6875,0.7759999999999999,0.5,0.5335
Brand D,35527,0.25750000000000006,0.9600000000000001,9,0.25750000000000006,0.9600000000000001,1.0,0.2472000000000001
Brand A,38953,0.05249999999999999,0.636,4,0.05249999999999999,0.636,0.375,0.033389999999999996
Brand W,49106,0.7325,0.11599999999999999,1,0.7325,0.11599999999999999,0.0,0.08497
Brand W,50976,0.625,0.7879999999999999,1,0.625,0.7879999999999999,0.0,0.49249999999999994
Brand W,88322,0.6775,0.868,1,0.6775,0.868,0.0,0.58807
Brand Y,99437,0.66,0.124,3,0.66,0.124,0.25,0.08184000000000001
Brand W,66089,0.08250000000000002,0.20399999999999996,1,0.08250000000000002,0.20399999999999996,0.0,0.01683
Brand B,51585,0.68,0.30000000000000004,5,0.68,0.30000000000000004,0.5,0.20400000000000004
Brand Z,61643,0.265,0.248,7,0.265,0.248,0.75,0.06572
Brand B,40277,0.41000000000000003,0.652,5,0.41000000000000003,0.652,0.5,0.26732000000000006
Brand E,49230,0.40249999999999997,0.5279999999999999,2,0.40249999999999997,0.5279999999999999,0.125,0.21251999999999996
Brand D,99979,0.6725,0.7279999999999999,9,0.6725,0.7279999999999999,1.0,0.4895799999999999
Brand A,52740,0.505,0.7640000000000001,4,0.505,0.7640000000000001,0.375,0.38582000000000005
Brand D,95643,0.15000000000000002,0.043999999999999984,9,0.15000000000000002,0.043999999999999984,1.0,0.006599999999999998
Brand E,71590,0.6225,0.43599999999999994,2,0.6225,0.43599999999999994,0.125,0.27141
Brand D,33755,0.37250000000000005,0.9919999999999999,9,0.37250000000000005,0.9919999999999999,1.0,0.36952
Brand Y,41844,0.07500000000000001,0.06799999999999995,3,0.07500000000000001,0.06799999999999995,0.25,0.005099999999999997
Brand Y,80517,0.16749999999999998,0.32799999999999996,3,0.16749999999999998,0.32799999999999996,0.25,0.05493999999999999
Brand W,49461,0.5025000000000001,0.1479999999999999,1,0.5025000000000001,0.1479999999999999,0.0,0.07436999999999996
Brand E,30667,0.34750000000000003,0.19999999999999996,2,0.34750000000000003,0.19999999999999996,0.125,0.06949999999999999
Brand A,91753,0.24,0.62,4,0.24,0.62,0.375,0.1488
Brand B,78913,0.74,0.66,5,0.74,0.66,0.5,0.4884
Brand C,79572,0.8875,0.68,6,0.8875,0.68,0.625,0.6035
Brand Y,82088,0.5525,0.908,3,0.5525,0.908,0.25,0.5016700000000001
Brand D,63779,0.9950000000000001,0.9719999999999999,9,0.9950000000000001,0.9719999999999999,1.0,0.96714
Brand A,30024,0.6225,0.236,4,0.6225,0.236,0.375,0.14691
Brand A,53227,0.8775,0.676,4,0.8775,0.676,0.375,0.59319
Brand Y,49842,0.78,0.17999999999999994,3,0.78,0.17999999999999994,0.25,0.14039999999999997
Brand X,58314,0.30500000000000005,0.09999999999999998,8,0.30500000000000005,0.09999999999999998,0.875,0.0305
Brand A,73887,0.7675000000000001,0.019999999999999962,4,0.7675000000000001,0.019999999999999962,0.375,0.015349999999999973
Brand Y,55940,0.77,0.652,3,0.77,0.652,0.25,0.50204
Brand D,40672,0.22000000000000003,0.7240000000000001,9,0.22000000000000003,0.7240000000000001,1.0,0.15928000000000003
Brand E,79349,0.815,0.348,2,0.815,0.348,0.125,0.28362
Brand C,52431,0.745,0.352,6,0.745,0.352,0.625,0.26224
Brand X,56322,0.3125,0.17200000000000004,8,0.3125,0.17200000000000004,0.875,0.05375000000000001
Brand C,31816,0.6900000000000001,0.07600000000000001,6,0.6900000000000001,0.07600000000000001,0.625,0.052440000000000014
Brand B,98141,0.78,0.876,5,0.78,0.876,0.5,0.68328
Brand B,97568,0.7000000000000001,0.15600000000000003,5,0.7000000000000001,0.15600000000000003,0.5,0.10920000000000003
Brand X,62821,0.375,0.016000000000000014,8,0.375,0.016000000000000014,0.875,0.006000000000000005
Brand A,47132,0.010000000000000009,0.9559999999999998,4,0.010000000000000009,0.9559999999999998,0.375,0.009560000000000008
Brand E,68470,0.1725,0.42000000000000004,2,0.1725,0.42000000000000004,0.125,0.07245
Brand Y,45260,0.8600000000000001,0.7799999999999999,3,0.8600000000000001,0.7799999999999999,0.25,0.6708
Brand D,49157,0.7575000000000001,0.248,9,0.7575000000000001,0.248,1.0,0.18786000000000003
Brand D,36278,0.9375,0.32799999999999996,9,0.9375,0.32799999999999996,1.0,0.30749999999999994
Brand X,74454,0.08250000000000002,0.16399999999999992,8,0.08250000000000002,0.16399999999999992,0.875,0.013529999999999997
Brand Z,65710,0.07,0.43999999999999995,7,0.07,0.43999999999999995,0.75,0.030799999999999998
Brand X,52075,0.45999999999999996,0.848,8,0.45999999999999996,0.848,0.875,0.39008
Brand Y,66531,0.7025,0.043999999999999984,3,0.7025,0.043999999999999984,0.25,0.03090999999999999
Brand A,46753,0.7975000000000001,0.30000000000000004,4,0.7975000000000001,0.30000000000000004,0.375,0.23925000000000007
Brand E,36102,0.52,0.20399999999999996,2,0.52,0.20399999999999996,0.125,0.10607999999999998
Brand E,51627,0.4225,0.5159999999999999,2,0.4225,0.5159999999999999,0.125,0.21800999999999995
Brand W,83049,0.185,0.9400000000000001,1,0.185,0.9400000000000001,0.0,0.1739
Brand E,45201,0.8175000000000001,0.868,2,0.8175000000000001,0.868,0.125,0.70959
Brand C,44911,0.16500000000000004,0.88,6,0.16500000000000004,0.88,0.625,0.14520000000000002
Brand C,51087,0.04249999999999998,0.936,6,0.04249999999999998,0.936,0.625,0.03977999999999999
Brand A,77227,0.21250000000000002,0.472,4,0.21250000000000002,0.472,0.375,0.1003
Brand X,88092,0.8200000000000001,0.16799999999999993,8,0.8200000000000001,0.16799999999999993,0.875,0.13775999999999994
Brand E,90663,0.10000000000000003,0.652,2,0.10000000000000003,0.652,0.125,0.06520000000000002
Brand E,70215,0.19,0.7320000000000001,2,0.19,0.7320000000000001,0.125,0.13908
Brand Z,43713,0.59,0.916,7,0.59,0.916,0.75,0.54044
Brand X,79645,0.22999999999999998,0.24,8,0.22999999999999998,0.24,0.875,0.05519999999999999
Brand Y,38803,0.8,0.624,3,0.8,0.624,0.25,0.49920000000000003
Brand A,45787,0.32000000000000006,0.7159999999999999,4,0.32000000000000006,0.7159999999999999,0.375,0.22912
Brand B,64143,0.6175,0.6,5,0.6175,0.6,0.5,0.3705
Brand Y,47139,0.235,0.856,3,0.235,0.856,0.25,0.20115999999999998
Brand Z,46302,0.7075,0.11599999999999999,7,0.7075,0.11599999999999999,0.75,0.08206999999999999
Brand W,34830,0.5375,0.928,1,0.5375,0.928,0.0,0.4988
Brand Z,56555,0.25,0.844,7,0.25,0.844,0.75,0.211
Brand C,86313,0.7175,0.17600000000000005,6,0.7175,0.17600000000000005,0.625,0.12628000000000003
Brand Y,83440,0.38,0.18799999999999994,3,0.38,0.18799999999999994,0.25,0.07143999999999998
Brand Z,44961,0.9275,0.9,7,0.9275,0.9,0.75,0.83475
Brand W,64475,0.6425000000000001,0.848,1,0.6425000000000001,0.848,0.0,0.54484
Brand B,63805,0.49,0.236,5,0.49,0.236,0.5,0.11563999999999999
Brand E,71848,0.9299999999999999,0.404,2,0.9299999999999999,0.404,0.125,0.37572
Brand D,35720,0.29500000000000004,0.504,9,0.29500000000000004,0.504,1.0,0.14868000000000003
Brand X,57401,0.535,0.848,8,0.535,0.848,0.875,0.45368
Brand Z,32510,0.26749999999999996,0.9719999999999999,7,0.26749999999999996,0.9719999999999999,0.75,0.2600099999999999
Brand E,83063,0.7925,0.124,2,0.7925,0.124,0.125,0.09827
Brand C,44528,0.34750000000000003,0.252,6,0.34750000000000003,0.252,0.625,0.08757000000000001
Brand D,31065,0.7625,0.19599999999999995,9,0.7625,0.19599999999999995,1.0,0.14944999999999994
Brand X,84752,0.7425,0.848,8,0.7425,0.848,0.875,0.62964
Brand Z,32209,0.8049999999999999,0.9,7,0.8049999999999999,0.9,0.75,0.7244999999999999
Brand Y,51984,0.1925,0.9880000000000001,3,0.1925,0.9880000000000001,0.25,0.19019000000000003
Brand D,37992,0.605,0.648,9,0.605,0.648,1.0,0.39204
Brand B,69943,0.43500000000000005,0.23199999999999998,5,0.43500000000000005,0.23199999999999998,0.5,0.10092000000000001
Brand X,59626,0.4125,0.5479999999999999,8,0.4125,0.5479999999999999,0.875,0.22604999999999997
Brand E,31282,0.95,0.5840000000000001,2,0.95,0.5840000000000001,0.125,0.5548000000000001
Brand W,76374,1.0,0.652,1,1.0,0.652,0.0,0.652
Brand B,36798,0.9025000000000001,0.876,5,0.9025000000000001,0.876,0.5,0.7905900000000001
Brand E,86743,0.195,0.476,2,0.195,0.476,0.125,0.09282
Brand D,72522,0.43000000000000005,0.09999999999999998,9,0.43000000000000005,0.09999999999999998,1.0,0.043
Brand Y,59179,0.7525,0.3640000000000001,3,0.7525,0.3640000000000001,0.25,0.27391000000000004
Brand E,88828,0.5425,0.24,2,0.5425,0.24,0.125,0.13019999999999998
Brand W,34099,0.7375,0.09600000000000003,1,0.7375,0.09600000000000003,0.0,0.07080000000000003
Brand X,54533,0.2025,0.22799999999999998,8,0.2025,0.22799999999999998,0.875,0.046169999999999996
Brand A,70835,0.505,0.06,4,0.505,0.06,0.375,0.0303
Brand D,96273,0.5425,0.016000000000000014,9,0.5425,0.016000000000000014,1.0,0.008680000000000007
Brand X,52627,0.8275000000000001,0.7400000000000001,8,0.8275000000000001,0.7400000000000001,0.875,0.6123500000000002
Brand D,60078,0.03750000000000003,0.01200000000000001,9,0.03750000000000003,0.01200000000000001,1.0,0.0004500000000000008
Brand W,83011,0.6225,0.7479999999999999,1,0.6225,0.7479999999999999,0.0,0.46563
Brand C,51934,0.8825000000000001,0.7200000000000001,6,0.8825000000000001,0.7200000000000001,0.625,0.6354000000000001
Brand Z,83121,0.9550000000000001,0.019999999999999962,7,0.9550000000000001,0.019999999999999962,0.75,0.019099999999999964
Brand X,76878,0.8049999999999999,0.16399999999999992,8,0.8049999999999999,0.16399999999999992,0.875,0.13201999999999992
Brand C,93627,0.44500000000000006,0.9759999999999999,6,0.44500000000000006,0.9759999999999999,0.625,0.43432
Brand A,91729,0.5625,0.392,4,0.5625,0.392,0.375,0.2205
Brand C,95216,0.11499999999999999,0.33599999999999997,6,0.11499999999999999,0.33599999999999997,0.625,0.038639999999999994
Brand W,80362,0.03500000000000003,0.41200000000000003,1,0.03500000000000003,0.41200000000000003,0.0,0.014420000000000014
Brand Z,59416,0.10000000000000003,0.10399999999999998,7,0.10000000000000003,0.10399999999999998,0.75,0.010400000000000001
Brand D,48545,0.245,0.368,9,0.245,0.368,1.0,0.09015999999999999
Brand W,60640,0.645,0.9840000000000001,1,0.645,0.9840000000000001,0.0,0.6346800000000001
Brand Z,94823,0.3325,0.824,7,0.3325,0.824,0.75,0.27398
Brand Y,39046,1.0,0.4640000000000001,3,1.0,0.4640000000000001,0.25,0.4640000000000001
Brand W,80807,0.4575,0.884,1,0.4575,0.884,0.0,0.40443
Brand D,44152,0.8275000000000001,0.14,9,0.8275000000000001,0.14,1.0,0.11585000000000002
Brand Z,52923,0.22000000000000003,0.7919999999999999,7,0.22000000000000003,0.7919999999999999,0.75,0.17424
Brand B,49126,0.875,0.42000000000000004,5,0.875,0.42000000000000004,0.5,0.36750000000000005
Brand A,79871,0.40249999999999997,0.9519999999999998,4,0.40249999999999997,0.9519999999999998,0.375,0.3831799999999999
Brand Y,64565,0.485,0.248,3,0.485,0.248,0.25,0.12028
Brand X,96840,0.27,0.7080000000000001,8,0.27,0.7080000000000001,0.875,0.19116000000000002
Brand D,59222,0.7675000000000001,0.07600000000000001,9,0.7675000000000001,0.07600000000000001,1.0,0.058330000000000014
Brand B,38150,0.635,0.016000000000000014,5,0.635,0.016000000000000014,0.5,0.01016000000000001
Brand E,37538,0.15000000000000002,0.5279999999999999,2,0.15000000000000002,0.5279999999999999,0.125,0.07919999999999999
Brand B,94784,0.08500000000000002,0.32400000000000007,5,0.08500000000000002,0.32400000000000007,0.5,0.027540000000000012
Brand B,90681,0.6900000000000001,0.23199999999999998,5,0.6900000000000001,0.23199999999999998,0.5,0.16008
Brand D,81189,0.8925000000000001,0.44799999999999995,9,0.8925000000000001,0.44799999999999995,1.0,0.39984
Brand B,33926,0.38750000000000007,0.236,5,0.38750000000000007,0.236,0.5,0.09145000000000002
Brand D,73434,0.845,0.84,9,0.845,0.84,1.0,0.7098
Brand B,50046,0.545,0.268,5,0.545,0.268,0.5,0.14606000000000002
Brand D,94527,0.20750000000000002,0.19200000000000006,9,0.20750000000000002,0.19200000000000006,1.0,0.039840000000000014
Brand W,94111,0.8125,0.38,1,0.8125,0.38,0.0,0.30875
Brand A,31181,0.8775,0.136,4,0.8775,0.136,0.375,0.11934
Brand Z,37351,0.19,0.11199999999999999,7,0.19,0.11199999999999999,0.75,0.021279999999999997
Brand Y,86551,0.07,0.7759999999999999,3,0.07,0.7759999999999999,0.25,0.05432
Brand Y,66206,0.6225,0.07999999999999996,3,0.6225,0.07999999999999996,0.25,0.049799999999999976
Brand A,71051,0.485,0.876,4,0.485,0.876,0.375,0.42486
Brand C,48022,0.09750000000000003,0.236,6,0.09750000000000003,0.236,0.625,0.023010000000000006
Brand C,89476,0.5975,0.8119999999999999,6,0.5975,0.8119999999999999,0.625,0.48517
Brand E,98144,0.30500000000000005,0.576,2,0.30500000000000005,0.576,0.125,0.17568
Brand Z,57238,0.04249999999999998,0.45200000000000007,7,0.04249999999999998,0.45200000000000007,0.75,0.019209999999999994
Brand E,93290,0.09000000000000002,1.0,2,0.09000000000000002,1.0,0.125,0.09000000000000002
Brand W,60377,0.25,0.18799999999999994,1,0.25,0.18799999999999994,0.0,0.046999999999999986
Brand Z,39260,0.275,0.30799999999999994,7,0.275,0.30799999999999994,0.75,0.08469999999999998
Brand Z,34022,0.5325,0.612,7,0.5325,0.612,0.75,0.32588999999999996
Brand A,31662,0.25750000000000006,0.5,4,0.25750000000000006,0.5,0.375,0.12875000000000003
Brand D,32407,0.64,0.08399999999999996,9,0.64,0.08399999999999996,1.0,0.053759999999999974
Brand C,92237,0.31000000000000005,0.7200000000000001,6,0.31000000000000005,0.7200000000000001,0.625,0.22320000000000007
Brand A,54785,0.10000000000000003,0.54,4,0.10000000000000003,0.54,0.375,0.05400000000000002
Brand W,34963,0.475,0.07200000000000001,1,0.475,0.07200000000000001,0.0,0.0342
Brand A,54414,0.2825,0.007999999999999952,4,0.2825,0.007999999999999952,0.375,0.002259999999999986
Brand Z,87011,0.09250000000000003,0.4159999999999999,7,0.09250000000000003,0.4159999999999999,0.75,0.03848000000000001
Brand A,46033,0.94,0.28400000000000003,4,0.94,0.28400000000000003,0.375,0.26696000000000003
Brand A,76676,0.6775,0.7279999999999999,4,0.6775,0.7279999999999999,0.375,0.4932199999999999
Brand E,40731,0.14750000000000002,0.504,2,0.14750000000000002,0.504,0.125,0.07434000000000002
Brand Y,43186,0.47750000000000004,0.828,3,0.47750000000000004,0.828,0.25,0.39537
Brand A,95882,0.38250000000000006,0.06,4,0.38250000000000006,0.06,0.375,0.02295
Brand W,34332,0.48,0.852,1,0.48,0.852,0.0,0.40896
Brand W,53068,0.6950000000000001,0.1479999999999999,1,0.6950000000000001,0.1479999999999999,0.0,0.10285999999999995
Brand A,68892,0.6225,0.588,4,0.6225,0.588,0.375,0.36603
Brand C,71916,0.8275000000000001,0.11599999999999999,6,0.8275000000000001,0.11599999999999999,0.625,0.09599
Brand E,88439,0.8375000000000001,0.42799999999999994,2,0.8375000000000001,0.42799999999999994,0.125,0.35845
Brand B,64747,0.8674999999999999,0.05199999999999999,5,0.8674999999999999,0.05199999999999999,0.5,0.04510999999999999
Brand W,86496,0.6675,0.3640000000000001,1,0.6675,0.3640000000000001,0.0,0.24297000000000007
Brand X,80716,0.6225,0.14400000000000002,8,0.6225,0.14400000000000002,0.875,0.08964000000000001
Brand B,55385,0.6,0.9319999999999998,5,0.6,0.9319999999999998,0.5,0.5591999999999999
Brand D,59933,0.9975,0.916,9,0.9975,0.916,1.0,0.9137100000000001
Brand A,92412,0.4375,0.62,4,0.4375,0.62,0.375,0.27125
Brand C,98367,0.9025000000000001,0.26,6,0.9025000000000001,0.26,0.625,0.23465000000000003
Brand E,48129,0.07500000000000001,0.7759999999999999,2,0.07500000000000001,0.7759999999999999,0.125,0.0582
Brand A,94547,0.20750000000000002,0.568,4,0.20750000000000002,0.568,0.375,0.11786
Brand W,95301,0.08000000000000002,0.356,1,0.08000000000000002,0.356,0.0,0.028480000000000005
Brand Y,30001,0.9125000000000001,0.44799999999999995,3,0.9125000000000001,0.44799999999999995,0.25,0.4088
Brand D,36707,0.5800000000000001,0.676,9,0.5800000000000001,0.676,1.0,0.3920800000000001
Brand D,33309,0.6625,0.07200000000000001,9,0.6625,0.07200000000000001,1.0,0.047700000000000006
Brand Y,36337,0.6475,0.7759999999999999,3,0.6475,0.7759999999999999,0.25,0.5024599999999999
Brand D,97053,0.51,0.43999999999999995,9,0.51,0.43999999999999995,1.0,0.2244
Brand B,58528,0.33499999999999996,0.0,5,0.33499999999999996,0.0,0.5,0.0
Brand D,31838,0.8275000000000001,0.644,9,0.8275000000000001,0.644,1.0,0.5329100000000001
Brand C,75088,0.7025,0.3320000000000001,6,0.7025,0.3320000000000001,0.625,0.23323000000000005
Brand E,68508,0.3275,0.7240000000000001,2,0.3275,0.7240000000000001,0.125,0.23711000000000004
Brand D,57521,0.39749999999999996,0.8040000000000002,9,0.39749999999999996,0.8040000000000002,1.0,0.31959000000000004
Brand X,90593,0.935,0.9640000000000001,8,0.935,0.9640000000000001,0.875,0.9013400000000001
Brand W,65049,0.22250000000000003,0.7040000000000001,1,0.22250000000000003,0.7040000000000001,0.0,0.15664000000000003
Brand B,44761,0.8800000000000001,0.248,5,0.8800000000000001,0.248,0.5,0.21824000000000002
Brand E,94754,0.9299999999999999,0.824,2,0.9299999999999999,0.824,0.125,0.7663199999999999
Brand X,41610,0.71,0.128,8,0.71,0.128,0.875,0.09088
Brand B,96605,0.02250000000000002,0.58,5,0.02250000000000002,0.58,0.5,0.013050000000000011
Brand C,92009,0.6525,0.7359999999999999,6,0.6525,0.7359999999999999,0.625,0.4802399999999999
Brand A,49750,0.1875,0.524,4,0.1875,0.524,0.375,0.09825
Brand A,75846,0.6875,0.09999999999999998,4,0.6875,0.09999999999999998,0.375,0.06874999999999998
Brand D,78270,0.1725,0.82,9,0.1725,0.82,1.0,0.14145
Brand Z,52276,0.74,0.384,7,0.74,0.384,0.75,0.28416
Brand X,66744,0.31000000000000005,0.09200000000000003,8,0.31000000000000005,0.09200000000000003,0.875,0.028520000000000014
Brand A,48512,0.15750000000000003,0.38,4,0.15750000000000003,0.38,0.375,0.059850000000000014
Brand D,67754,0.36,0.404,9,0.36,0.404,1.0,0.14544
Brand C,85226,0.8800000000000001,0.05199999999999999,6,0.8800000000000001,0.05199999999999999,0.625,0.045759999999999995
Brand Y,44910,0.43500000000000005,0.44400000000000006,3,0.43500000000000005,0.44400000000000006,0.25,0.19314000000000006
Brand E,91232,0.8425,0.824,2,0.8425,0.824,0.125,0.69422
Brand A,34537,0.365,0.616,4,0.365,0.616,0.375,0.22483999999999998
Brand A,31600,0.9550000000000001,0.7640000000000001,4,0.9550000000000001,0.7640000000000001,0.375,0.7296200000000002
Brand Y,52864,0.0050000000000000044,0.45599999999999996,3,0.0050000000000000044,0.45599999999999996,0.25,0.0022800000000000016
Brand E,66118,0.6,0.7159999999999999,2,0.6,0.7159999999999999,0.125,0.4295999999999999
Brand B,98850,0.7650000000000001,0.23199999999999998,5,0.7650000000000001,0.23199999999999998,0.5,0.17748000000000003
Brand C,49858,0.0050000000000000044,0.616,6,0.0050000000000000044,0.616,0.625,0.003080000000000003
Brand E,49241,0.29500000000000004,0.4079999999999999,2,0.29500000000000004,0.4079999999999999,0.125,0.12036
Brand C,59276,0.605,0.30799999999999994,6,0.605,0.30799999999999994,0.625,0.18633999999999995
Brand C,50206,0.485,0.26,6,0.485,0.26,0.625,0.1261
Brand C,32898,0.395,0.5159999999999999,6,0.395,0.5159999999999999,0.625,0.20381999999999997
Brand Y,85356,0.5875,0.5840000000000001,3,0.5875,0.5840000000000001,0.25,0.34310000000000007
Brand X,64204,0.9425000000000001,0.9919999999999999,8,0.9425000000000001,0.9919999999999999,0.875,0.93496
Brand Y,34756,0.14250000000000002,0.8079999999999999,3,0.14250000000000002,0.8079999999999999,0.25,0.11514
Brand D,72671,0.1725,0.66,9,0.1725,0.66,1.0,0.11384999999999999
Brand Z,46419,0.4375,0.864,7,0.4375,0.864,0.75,0.378
Brand X,78019,0.8325,0.7999999999999999,8,0.8325,0.7999999999999999,0.875,0.6659999999999999
Brand W,42693,0.49750000000000005,0.7400000000000001,1,0.49750000000000005,0.7400000000000001,0.0,0.3681500000000001
Brand W,65817,0.6125,0.532,1,0.6125,0.532,0.0,0.32585000000000003
Brand Y,55438,0.04999999999999999,0.928,3,0.04999999999999999,0.928,0.25,0.04639999999999999
Brand W,72982,0.7650000000000001,0.7000000000000001,1,0.7650000000000001,0.7000000000000001,0.0,0.5355000000000001
Brand B,85253,0.5800000000000001,0.576,5,0.5800000000000001,0.576,0.5,0.33408
Brand W,55823,0.185,0.3320000000000001,1,0.185,0.3320000000000001,0.0,0.06142000000000001
Brand C,75343,0.6525,0.9800000000000001,6,0.6525,0.9800000000000001,0.625,0.6394500000000001
Brand Z,99025,0.605,0.07999999999999996,7,0.605,0.07999999999999996,0.75,0.04839999999999998
Brand A,83617,0.37250000000000005,0.01200000000000001,4,0.37250000000000005,0.01200000000000001,0.375,0.004470000000000004
Brand W,70713,0.4275,0.392,1,0.4275,0.392,0.0,0.16758
Brand Z,78792,0.5025000000000001,0.30799999999999994,7,0.5025000000000001,0.30799999999999994,0.75,0.15477
Brand D,71902,0.8825000000000001,0.58,9,0.8825000000000001,0.58,1.0,0.51185
Brand D,51423,0.0,0.007999999999999952,9,0.0,0.007999999999999952,1.0,0.0
Brand X,65501,0.4225,0.6,8,0.4225,0.6,0.875,0.2535
Brand Z,94683,0.7675000000000001,0.816,7,0.7675000000000001,0.816,0.75,0.6262800000000001
Brand B,56270,0.6950000000000001,0.868,5,0.6950000000000001,0.868,0.5,0.60326
Brand B,83684,0.07750000000000001,0.3440000000000001,5,0.07750000000000001,0.3440000000000001,0.5,0.02666000000000001
Brand C,38896,0.8275000000000001,0.9640000000000001,6,0.8275000000000001,0.9640000000000001,0.625,0.7977100000000001
Brand Y,50761,0.21000000000000002,0.272,3,0.21000000000000002,0.272,0.25,0.05712000000000001
Brand Y,33463,0.81,0.06,3,0.81,0.06,0.25,0.048600000000000004
Brand W,88506,0.40249999999999997,0.3759999999999999,1,0.40249999999999997,0.3759999999999999,0.0,0.15133999999999995
Brand A,44379,0.175,0.672,4,0.175,0.672,0.375,0.1176
Brand A,86056,0.0,0.3320000000000001,4,0.0,0.3320000000000001,0.375,0.0
Brand B,31436,0.03500000000000003,0.6959999999999998,5,0.03500000000000003,0.6959999999999998,0.5,0.024360000000000017
Brand D,62879,0.07,0.17200000000000004,9,0.07,0.17200000000000004,1.0,0.012040000000000004
Brand E,44018,0.94,0.5640000000000001,2,0.94,0.5640000000000001,0.125,0.5301600000000001
Brand C,49594,0.1875,0.5840000000000001,6,0.1875,0.5840000000000001,0.625,0.10950000000000001
Brand Y,58403,0.245,0.652,3,0.245,0.652,0.25,0.15974
Brand D,45321,0.8400000000000001,0.38,9,0.8400000000000001,0.38,1.0,0.31920000000000004
Brand D,47666,0.42500000000000004,0.42799999999999994,9,0.42500000000000004,0.42799999999999994,1.0,0.18189999999999998
Brand C,76017,0.08000000000000002,0.5159999999999999,6,0.08000000000000002,0.5159999999999999,0.625,0.04128
Brand A,89863,0.6,0.7879999999999999,4,0.6,0.7879999999999999,0.375,0.47279999999999994
Brand C,65121,0.75,0.7640000000000001,6,0.75,0.7640000000000001,0.625,0.5730000000000001
Brand A,33376,0.9299999999999999,0.04799999999999993,4,0.9299999999999999,0.04799999999999993,0.375,0.04463999999999994
Brand B,39241,0.615,0.03200000000000003,5,0.615,0.03200000000000003,0.5,0.019680000000000017
Brand W,76602,0.2,0.7599999999999999,1,0.2,0.7599999999999999,0.0,0.152
Brand E,46762,0.07750000000000001,0.936,2,0.07750000000000001,0.936,0.125,0.07254000000000002
Brand A,78386,0.77,0.7599999999999999,4,0.77,0.7599999999999999,0.375,0.5851999999999999
Brand W,54810,0.275,0.4,1,0.275,0.4,0.0,0.11000000000000001
Brand E,36639,0.03750000000000003,0.352,2,0.03750000000000003,0.352,0.125,0.01320000000000001
Brand B,48905,0.96,0.42799999999999994,5,0.96,0.42799999999999994,0.5,0.4108799999999999
Brand E,90904,0.9924999999999999,0.244,2,0.9924999999999999,0.244,0.125,0.24216999999999997
Brand W,99480,0.7025,0.2559999999999999,1,0.7025,0.2559999999999999,0.0,0.17983999999999992
Brand E,86931,0.31500000000000006,0.29200000000000004,2,0.31500000000000006,0.29200000000000004,0.125,0.09198000000000003
Brand X,30973,0.5725,0.9559999999999998,8,0.5725,0.9559999999999998,0.875,0.54731
Brand C,45142,0.33499999999999996,0.02799999999999997,6,0.33499999999999996,0.02799999999999997,0.625,0.009379999999999989
Brand Z,47384,0.48250000000000004,0.23199999999999998,7,0.48250000000000004,0.23199999999999998,0.75,0.11194
Brand Z,64485,0.6950000000000001,0.62,7,0.6950000000000001,0.62,0.75,0.43090000000000006
Brand Z,97568,0.275,0.043999999999999984,7,0.275,0.043999999999999984,0.75,0.012099999999999996
Brand C,66689,0.09250000000000003,0.268,6,0.09250000000000003,0.268,0.625,0.02479000000000001
Brand Z,71316,0.48250000000000004,0.852,7,0.48250000000000004,0.852,0.75,0.41109
Brand D,84341,0.13,0.24,9,0.13,0.24,1.0,0.0312
Brand Y,64313,0.365,0.532,3,0.365,0.532,0.25,0.19418000000000002
Brand Y,50237,0.925,0.06399999999999995,3,0.925,0.06399999999999995,0.25,0.059199999999999954
Brand W,31847,0.16749999999999998,0.06799999999999995,1,0.16749999999999998,0.06799999999999995,0.0,0.01138999999999999
Brand X,98447,0.825,0.7999999999999999,8,0.825,0.7999999999999999,0.875,0.6599999999999999
Brand D,91221,0.685,0.32799999999999996,9,0.685,0.32799999999999996,1.0,0.22468
Brand B,66445,0.10749999999999998,0.31200000000000006,5,0.10749999999999998,0.31200000000000006,0.5,0.03354
Brand A,83235,0.5525,0.18799999999999994,4,0.5525,0.18799999999999994,0.375,0.10386999999999996
Brand Y,65593,0.1325,0.5159999999999999,3,0.1325,0.5159999999999999,0.25,0.06836999999999999
Brand Z,85764,0.2375,0.612,7,0.2375,0.612,0.75,0.14534999999999998
Brand D,78500,0.4625,0.7559999999999999,9,0.4625,0.7559999999999999,1.0,0.34964999999999996
Brand A,74535,0.3075,0.21199999999999997,4,0.3075,0.21199999999999997,0.375,0.06518999999999998
Brand D,31302,0.56,0.48,9,0.56,0.48,1.0,0.26880000000000004
Brand E,92519,0.8800000000000001,0.007999999999999952,2,0.8800000000000001,0.007999999999999952,0.125,0.007039999999999959
Brand Y,72976,0.9475,0.15200000000000002,3,0.9475,0.15200000000000002,0.25,0.14402000000000004
Brand Y,39822,0.74,0.388,3,0.74,0.388,0.25,0.28712
Brand E,93107,0.715,0.6959999999999998,2,0.715,0.6959999999999998,0.125,0.49763999999999986
Brand A,48612,0.265,0.28,4,0.265,0.28,0.375,0.07420000000000002
Brand Y,88829,0.9575,0.42000000000000004,3,0.9575,0.42000000000000004,0.25,0.40215000000000006
Brand X,39856,0.5575,0.5279999999999999,8,0.5575,0.5279999999999999,0.875,0.29435999999999996
Brand W,78459,0.4325,0.31999999999999995,1,0.4325,0.31999999999999995,0.0,0.13839999999999997
Brand E,55791,0.525,0.2559999999999999,2,0.525,0.2559999999999999,0.125,0.13439999999999996
Brand C,75063,0.7175,0.384,6,0.7175,0.384,0.625,0.27552000000000004
Brand A,56764,0.47250000000000003,0.45599999999999996,4,0.47250000000000003,0.45599999999999996,0.375,0.21545999999999998
Brand E,44259,0.22500000000000003,0.24,2,0.22500000000000003,0.24,0.125,0.054000000000000006
Brand D,37382,0.54,0.3320000000000001,9,0.54,0.3320000000000001,1.0,0.17928000000000005
Brand X,87028,0.1325,0.644,8,0.1325,0.644,0.875,0.08533
Brand D,30943,0.6025,0.38,9,0.6025,0.38,1.0,0.22895000000000001
Brand Z,61144,0.05249999999999999,0.43999999999999995,7,0.05249999999999999,0.43999999999999995,0.75,0.023099999999999992
Brand C,71918,0.5925,0.68,6,0.5925,0.68,0.625,0.40290000000000004
Brand D,77096,0.4425,0.352,9,0.4425,0.352,1.0,0.15575999999999998
Brand Y,49574,0.4475,0.08799999999999997,3,0.4475,0.08799999999999997,0.25,0.039379999999999984
Brand B,39363,0.6875,0.4,5,0.6875,0.4,0.5,0.275
Brand B,34221,0.5800000000000001,0.33999999999999997,5,0.5800000000000001,0.33999999999999997,0.5,0.19720000000000001
Brand E,88438,0.16999999999999998,0.58,2,0.16999999999999998,0.58,0.125,0.09859999999999998
Brand A,50353,0.6725,0.7120000000000001,4,0.6725,0.7120000000000001,0.375,0.47882
Brand E,63800,0.355,1.0,2,0.355,1.0,0.125,0.355
Brand B,90449,0.49,0.43999999999999995,5,0.49,0.43999999999999995,0.5,0.21559999999999996
Brand B,60938,0.555,0.9719999999999999,5,0.555,0.9719999999999999,0.5,0.5394599999999999
Brand D,33106,0.26249999999999996,0.384,9,0.26249999999999996,0.384,1.0,0.10079999999999999
Brand Y,51122,0.9525000000000001,0.1479999999999999,3,0.9525000000000001,0.1479999999999999,0.25,0.14096999999999993
Brand B,71185,0.5175000000000001,0.4640000000000001,5,0.5175000000000001,0.4640000000000001,0.5,0.24012000000000008
Brand C,75183,0.0025000000000000022,0.29200000000000004,6,0.0025000000000000022,0.29200000000000004,0.625,0.0007300000000000007
Brand C,31727,0.27749999999999997,0.15600000000000003,6,0.27749999999999997,0.15600000000000003,0.625,0.04329
Brand D,76106,0.30000000000000004,0.30400000000000005,9,0.30000000000000004,0.30400000000000005,1.0,0.09120000000000003
Brand D,63561,0.485,0.844,9,0.485,0.844,1.0,0.40934
Brand W,53323,0.18,0.2759999999999999,1,0.18,0.2759999999999999,0.0,0.04967999999999998
Brand E,80449,0.020000000000000018,0.684,2,0.020000000000000018,0.684,0.125,0.013680000000000013
Brand B,91533,0.48,0.9759999999999999,5,0.48,0.9759999999999999,0.5,0.4684799999999999
Brand X,31005,0.45000000000000007,0.7959999999999999,8,0.45000000000000007,0.7959999999999999,0.875,0.3582
Brand B,76365,0.375,0.5479999999999999,5,0.375,0.5479999999999999,0.5,0.20549999999999996
Brand E,68841,0.6825,0.38,2,0.6825,0.38,0.125,0.25935
Brand Z,72771,0.7325,0.9959999999999999,7,0.7325,0.9959999999999999,0.75,0.7295699999999999
Brand W,87291,0.52,0.648,1,0.52,0.648,0.0,0.33696000000000004
Brand X,83533,0.0675,0.62,8,0.0675,0.62,0.875,0.041850000000000005
Brand C,56332,0.6900000000000001,0.42000000000000004,6,0.6900000000000001,0.42000000000000004,0.625,0.28980000000000006
Brand E,76522,0.37,0.7359999999999999,2,0.37,0.7359999999999999,0.125,0.27231999999999995
Brand B,38192,0.99,0.492,5,0.99,0.492,0.5,0.48708
Brand C,69835,0.96,0.15600000000000003,6,0.96,0.15600000000000003,0.625,0.14976000000000003
Brand A,70902,0.365,0.824,4,0.365,0.824,0.375,0.30075999999999997
Brand C,64592,0.5750000000000001,0.7799999999999999,6,0.5750000000000001,0.7799999999999999,0.625,0.4485
Brand W,75839,0.6075,0.488,1,0.6075,0.488,0.0,0.29646
Brand B,32522,0.98,0.524,5,0.98,0.524,0.5,0.51352
Brand Z,36535,0.8325,0.32400000000000007,7,0.8325,0.32400000000000007,0.75,0.2697300000000001
Brand Y,88046,0.16999999999999998,0.9400000000000001,3,0.16999999999999998,0.9400000000000001,0.25,0.1598
Brand A,59600,0.6225,0.568,4,0.6225,0.568,0.375,0.35358
Brand X,35908,0.20500000000000002,0.876,8,0.20500000000000002,0.876,0.875,0.17958000000000002
Brand W,72974,0.125,0.924,1,0.125,0.924,0.0,0.1155
Brand W,53806,0.9924999999999999,0.3759999999999999,1,0.9924999999999999,0.3759999999999999,0.0,0.37317999999999985
Brand E,54205,0.41000000000000003,0.272,2,0.41000000000000003,0.272,0.125,0.11152000000000002
Brand E,55313,0.9325000000000001,0.3320000000000001,2,0.9325000000000001,0.3320000000000001,0.125,0.3095900000000001
Brand B,71229,0.6475,0.11599999999999999,5,0.6475,0.11599999999999999,0.5,0.07511
Brand W,66275,0.5575,0.1479999999999999,1,0.5575,0.1479999999999999,0.0,0.08250999999999994
Brand X,84850,0.22000000000000003,0.23199999999999998,8,0.22000000000000003,0.23199999999999998,0.875,0.05104
Brand E,61812,0.21250000000000002,0.92,2,0.21250000000000002,0.92,0.125,0.19550000000000003
Brand Z,72235,0.38250000000000006,0.17200000000000004,7,0.38250000000000006,0.17200000000000004,0.75,0.06579000000000003
Brand Y,58407,0.7175,0.924,3,0.7175,0.924,0.25,0.6629700000000001
Brand D,80985,0.18,0.404,9,0.18,0.404,1.0,0.07272
Brand A,40398,0.125,0.8040000000000002,4,0.125,0.8040000000000002,0.375,0.10050000000000002
Brand C,55465,0.75,0.055999999999999994,6,0.75,0.055999999999999994,0.625,0.041999999999999996
Brand Z,31743,0.21500000000000002,0.86,7,0.21500000000000002,0.86,0.75,0.1849
Brand Y,77180,0.4,0.844,3,0.4,0.844,0.25,0.3376
Brand E,81336,0.865,0.9640000000000001,2,0.865,0.9640000000000001,0.125,0.83386
Brand D,42672,0.16250000000000003,0.648,9,0.16250000000000003,0.648,1.0,0.10530000000000002
Brand D,44391,0.4625,0.5920000000000001,9,0.4625,0.5920000000000001,1.0,0.27380000000000004
Brand W,76034,0.4375,0.20399999999999996,1,0.4375,0.20399999999999996,0.0,0.08924999999999998
Brand A,96484,0.8600000000000001,0.7559999999999999,4,0.8600000000000001,0.7559999999999999,0.375,0.65016
Brand B,38850,0.8900000000000001,0.8919999999999998,5,0.8900000000000001,0.8919999999999998,0.5,0.7938799999999999
Brand X,86932,0.45499999999999996,0.908,8,0.45499999999999996,0.908,0.875,0.41313999999999995
Brand C,35956,0.5825,0.06399999999999995,6,0.5825,0.06399999999999995,0.625,0.03727999999999997
Brand W,86440,0.42500000000000004,0.648,1,0.42500000000000004,0.648,0.0,0.27540000000000003
Brand W,75155,0.5325,0.10799999999999998,1,0.5325,0.10799999999999998,0.0,0.05750999999999999
Brand E,82161,0.22000000000000003,1.0,2,0.22000000000000003,1.0,0.125,0.22000000000000003
Brand A,38930,0.355,0.4,4,0.355,0.4,0.375,0.142
Brand D,69829,0.6475,0.7320000000000001,9,0.6475,0.7320000000000001,1.0,0.47397000000000006
Brand X,45330,0.5225,0.5359999999999999,8,0.5225,0.5359999999999999,0.875,0.2800599999999999
Brand Y,35114,0.545,0.9480000000000001,3,0.545,0.9480000000000001,0.25,0.5166600000000001
Brand X,48390,0.38,0.628,8,0.38,0.628,0.875,0.23864
Brand D,99608,0.615,0.08399999999999996,9,0.615,0.08399999999999996,1.0,0.05165999999999998
Brand X,91753,0.5925,0.132,8,0.5925,0.132,0.875,0.07821
Brand X,37796,0.72,0.016000000000000014,8,0.72,0.016000000000000014,0.875,0.01152000000000001
Brand B,50165,0.665,0.5479999999999999,5,0.665,0.5479999999999999,0.5,0.36441999999999997
Brand C,60479,0.8300000000000001,0.5920000000000001,6,0.8300000000000001,0.5920000000000001,0.625,0.49136000000000013
Brand A,65286,0.25250000000000006,0.236,4,0.25250000000000006,0.236,0.375,0.05959000000000001
Brand C,95003,0.6950000000000001,0.472,6,0.6950000000000001,0.472,0.625,0.32804
Brand Y,64309,0.38,0.5279999999999999,3,0.38,0.5279999999999999,0.25,0.20063999999999996
Brand B,71281,0.13,0.5640000000000001,5,0.13,0.5640000000000001,0.5,0.07332000000000001
Brand C,92767,0.44500000000000006,0.21199999999999997,6,0.44500000000000006,0.21199999999999997,0.625,0.09434
Brand E,81021,0.9650000000000001,0.03999999999999998,2,0.9650000000000001,0.03999999999999998,0.125,0.03859999999999998
Brand Y,58605,0.11499999999999999,0.20399999999999996,3,0.11499999999999999,0.20399999999999996,0.25,0.023459999999999995
Brand A,66807,0.6975,0.616,4,0.6975,0.616,0.375,0.42966
Brand C,85904,0.68,0.07200000000000001,6,0.68,0.07200000000000001,0.625,0.04896000000000001
Brand C,32628,0.79,0.9319999999999998,6,0.79,0.9319999999999998,0.625,0.7362799999999999
Brand D,91079,0.68,0.29200000000000004,9,0.68,0.29200000000000004,1.0,0.19856000000000004
Brand W,41076,0.925,0.5920000000000001,1,0.925,0.5920000000000001,0.0,0.5476000000000001
Brand Z,60237,0.7175,0.512,7,0.7175,0.512,0.75,0.36736
Brand X,92877,0.6,0.9959999999999999,8,0.6,0.9959999999999999,0.875,0.5975999999999999
Brand D,76630,0.8049999999999999,0.03200000000000003,9,0.8049999999999999,0.03200000000000003,1.0,0.025760000000000022
Brand Z,96625,0.7825,0.08799999999999997,7,0.7825,0.08799999999999997,0.75,0.06885999999999998
Brand X,90523,0.6525,0.019999999999999962,8,0.6525,0.019999999999999962,0.875,0.013049999999999975
Brand W,58818,0.96,0.2879999999999999,1,0.96,0.2879999999999999,0.0,0.2764799999999999
Brand W,64867,0.49750000000000005,0.132,1,0.49750000000000005,0.132,0.0,0.06567
Brand D,83017,0.47750000000000004,0.9119999999999998,9,0.47750000000000004,0.9119999999999998,1.0,0.4354799999999999
Brand A,96630,0.36,0.14400000000000002,4,0.36,0.14400000000000002,0.375,0.051840000000000004
Brand D,70614,0.26749999999999996,0.9480000000000001,9,0.26749999999999996,0.9480000000000001,1.0,0.25359
Brand B,49723,0.48750000000000004,0.10399999999999998,5,0.48750000000000004,0.10399999999999998,0.5,0.050699999999999995
Brand X,43467,0.025000000000000022,1.0,8,0.025000000000000022,1.0,0.875,0.025000000000000022
Brand B,67384,0.25250000000000006,0.11199999999999999,5,0.25250000000000006,0.11199999999999999,0.5,0.028280000000000003
Brand E,68669,0.255,0.7320000000000001,2,0.255,0.7320000000000001,0.125,0.18666000000000002
Brand X,75586,0.345,0.652,8,0.345,0.652,0.875,0.22494
Brand D,68136,0.18,0.8079999999999999,9,0.18,0.8079999999999999,1.0,0.14543999999999999
Brand C,56032,0.5725,0.15200000000000002,6,0.5725,0.15200000000000002,0.625,0.08702000000000001
Brand Y,97259,0.535,0.928,3,0.535,0.928,0.25,0.49648000000000003
Brand C,97974,0.175,0.42799999999999994,6,0.175,0.42799999999999994,0.625,0.07489999999999998
Brand E,80007,0.29500000000000004,0.544,2,0.29500000000000004,0.544,0.125,0.16048000000000004
Brand Y,42677,0.1325,0.10799999999999998,3,0.1325,0.10799999999999998,0.25,0.014309999999999998
Brand Z,63670,0.2875,0.7559999999999999,7,0.2875,0.7559999999999999,0.75,0.21734999999999996
Brand Z,37521,0.2425,0.5359999999999999,7,0.2425,0.5359999999999999,0.75,0.12997999999999998
Brand X,67829,0.8574999999999999,0.7240000000000001,8,0.8574999999999999,0.7240000000000001,0.875,0.62083
Brand A,43999,0.9525000000000001,0.09200000000000003,4,0.9525000000000001,0.09200000000000003,0.375,0.08763000000000004
Brand B,39646,0.8800000000000001,0.24,5,0.8800000000000001,0.24,0.5,0.21120000000000003
Brand C,72030,0.5125000000000001,0.019999999999999962,6,0.5125000000000001,0.019999999999999962,0.625,0.010249999999999981
Brand W,54784,0.485,0.18799999999999994,1,0.485,0.18799999999999994,0.0,0.09117999999999997
Brand E,89287,0.73,0.17200000000000004,2,0.73,0.17200000000000004,0.125,0.12556000000000003
Brand B,46593,0.42500000000000004,0.9,5,0.42500000000000004,0.9,0.5,0.38250000000000006
Brand W,88187,0.8400000000000001,0.7200000000000001,1,0.8400000000000001,0.7200000000000001,0.0,0.6048000000000001
Brand E,84484,0.5375,0.5279999999999999,2,0.5375,0.5279999999999999,0.125,0.28379999999999994
Brand X,69389,0.68,0.7359999999999999,8,0.68,0.7359999999999999,0.875,0.5004799999999999
Brand B,98972,0.37750000000000006,0.268,5,0.37750000000000006,0.268,0.5,0.10117000000000002
Brand E,56475,0.22750000000000004,0.45599999999999996,2,0.22750000000000004,0.45599999999999996,0.125,0.10374000000000001
Brand X,86108,0.6725,0.20399999999999996,8,0.6725,0.20399999999999996,0.875,0.13718999999999998
Brand C,38746,0.7650000000000001,0.2759999999999999,6,0.7650000000000001,0.2759999999999999,0.625,0.21113999999999997
Brand Y,80184,0.0,0.824,3,0.0,0.824,0.25,0.0
Brand E,77171,0.5225,0.7440000000000001,2,0.5225,0.7440000000000001,0.125,0.38874000000000003
Brand D,88021,0.8875,0.588,9,0.8875,0.588,1.0,0.5218499999999999
Brand Z,77372,0.22500000000000003,0.848,7,0.22500000000000003,0.848,0.75,0.19080000000000003
Brand D,62175,0.7325,0.54,9,0.7325,0.54,1.0,0.39555000000000007
Brand C,90777,0.6625,0.7120000000000001,6,0.6625,0.7120000000000001,0.625,0.4717
Brand E,56164,0.34750000000000003,0.632,2,0.34750000000000003,0.632,0.125,0.21962
Brand D,64275,0.42500000000000004,0.36,9,0.42500000000000004,0.36,1.0,0.153
Brand A,86236,0.7849999999999999,0.9440000000000001,4,0.7849999999999999,0.9440000000000001,0.375,0.7410399999999999
Brand Z,44930,0.09000000000000002,0.2559999999999999,7,0.09000000000000002,0.2559999999999999,0.75,0.023039999999999998
Brand X,95270,0.6225,0.5559999999999999,8,0.6225,0.5559999999999999,0.875,0.34611
Brand A,89794,0.2475,0.05199999999999999,4,0.2475,0.05199999999999999,0.375,0.012869999999999998
Brand D,97961,0.09500000000000003,0.7999999999999999,9,0.09500000000000003,0.7999999999999999,1.0,0.07600000000000001
Brand Z,85449,0.64,0.12,7,0.64,0.12,0.75,0.0768
Brand X,33159,0.9325000000000001,0.612,8,0.9325000000000001,0.612,0.875,0.57069
Brand E,60429,0.7775000000000001,0.3320000000000001,2,0.7775000000000001,0.3320000000000001,0.125,0.2581300000000001
Brand Y,41836,0.26249999999999996,0.14400000000000002,3,0.26249999999999996,0.14400000000000002,0.25,0.0378
Brand B,77828,0.9850000000000001,0.9519999999999998,5,0.9850000000000001,0.9519999999999998,0.5,0.9377199999999999
Brand Z,32643,0.895,0.7520000000000001,7,0.895,0.7520000000000001,0.75,0.6730400000000001
Brand W,71043,0.175,0.848,1,0.175,0.848,0.0,0.14839999999999998
Brand C,76510,0.6950000000000001,0.656,6,0.6950000000000001,0.656,0.625,0.45592000000000005
Brand W,94025,0.18,0.384,1,0.18,0.384,0.0,0.06912
Brand B,77633,0.6575,0.7240000000000001,5,0.6575,0.7240000000000001,0.5,0.47603000000000006
Brand X,74483,0.16749999999999998,0.33999999999999997,8,0.16749999999999998,0.33999999999999997,0.875,0.05694999999999999
Brand W,33916,0.135,0.7240000000000001,1,0.135,0.7240000000000001,0.0,0.09774000000000002
Brand D,79732,0.3275,0.32400000000000007,9,0.3275,0.32400000000000007,1.0,0.10611000000000002
Brand E,93297,0.2875,0.52,2,0.2875,0.52,0.125,0.1495
Brand B,85486,0.30500000000000005,0.368,5,0.30500000000000005,0.368,0.5,0.11224000000000002
Brand D,84866,0.62,0.2559999999999999,9,0.62,0.2559999999999999,1.0,0.15871999999999994
Brand B,91604,0.12,0.8079999999999999,5,0.12,0.8079999999999999,0.5,0.09695999999999999
Brand C,60099,0.8574999999999999,0.7120000000000001,6,0.8574999999999999,0.7120000000000001,0.625,0.61054
Brand X,61679,0.26749999999999996,0.7520000000000001,8,0.26749999999999996,0.7520000000000001,0.875,0.20116
Brand X,90424,0.6325000000000001,0.48,8,0.6325000000000001,0.48,0.875,0.30360000000000004
Brand Z,70428,0.08250000000000002,0.904,7,0.08250000000000002,0.904,0.75,0.07458000000000002
Brand X,46317,0.5,0.596,8,0.5,0.596,0.875,0.298
Brand A,63079,0.49250000000000005,0.868,4,0.49250000000000005,0.868,0.375,0.42749000000000004
Brand D,31081,0.37750000000000006,0.21999999999999997,9,0.37750000000000006,0.21999999999999997,1.0,0.08305
Brand Z,97062,0.38750000000000007,0.33599999999999997,7,0.38750000000000007,0.33599999999999997,0.75,0.1302
Brand W,52316,0.7849999999999999,0.03200000000000003,1,0.7849999999999999,0.03200000000000003,0.0,0.02512000000000002
Brand X,45251,0.03750000000000003,0.07999999999999996,8,0.03750000000000003,0.07999999999999996,0.875,0.0030000000000000014
Brand B,68405,0.025000000000000022,0.08399999999999996,5,0.025000000000000022,0.08399999999999996,0.5,0.002100000000000001
Brand C,64068,0.37750000000000006,0.7240000000000001,6,0.37750000000000006,0.7240000000000001,0.625,0.27331000000000005
Brand W,44218,0.7425,0.45999999999999996,1,0.7425,0.45999999999999996,0.0,0.34155
Brand Y,75729,0.017500000000000016,0.08399999999999996,3,0.017500000000000016,0.08399999999999996,0.25,0.0014700000000000006
Brand D,93092,0.017500000000000016,0.5920000000000001,9,0.017500000000000016,0.5920000000000001,1.0,0.01036000000000001
Brand B,85346,0.14500000000000002,0.54,5,0.14500000000000002,0.54,0.5,0.07830000000000001
Brand Y,38410,0.5775,0.7919999999999999,3,0.5775,0.7919999999999999,0.25,0.45737999999999995
Brand B,97751,0.725,0.3320000000000001,5,0.725,0.3320000000000001,0.5,0.24070000000000005
Brand E,85010,0.72,0.17200000000000004,2,0.72,0.17200000000000004,0.125,0.12384000000000002
Brand D,46301,0.485,0.9119999999999998,9,0.485,0.9119999999999998,1.0,0.4423199999999999
Brand W,87460,0.61,0.36,1,0.61,0.36,0.0,0.2196
Brand W,68975,0.75,0.12,1,0.75,0.12,0.0,0.09
Brand D,75006,0.7849999999999999,0.18799999999999994,9,0.7849999999999999,0.18799999999999994,1.0,0.14757999999999993
Brand B,41238,0.29000000000000004,0.88,5,0.29000000000000004,0.88,0.5,0.25520000000000004
Brand W,47467,0.9325000000000001,0.54,1,0.9325000000000001,0.54,0.0,0.50355
Brand Y,44422,0.7025,0.86,3,0.7025,0.86,0.25,0.60415
Brand Z,42930,0.4475,0.07200000000000001,7,0.4475,0.07200000000000001,0.75,0.032220000000000006
Brand D,60122,0.9000000000000001,0.43999999999999995,9,0.9000000000000001,0.43999999999999995,1.0,0.396
Brand B,66154,0.7650000000000001,0.7959999999999999,5,0.7650000000000001,0.7959999999999999,0.5,0.60894
Brand W,96043,0.9450000000000001,0.596,1,0.9450000000000001,0.596,0.0,0.56322
Brand D,91652,0.15500000000000003,0.48,9,0.15500000000000003,0.48,1.0,0.07440000000000001
Brand Y,56848,0.03500000000000003,0.82,3,0.03500000000000003,0.82,0.25,0.028700000000000024
Brand D,50394,0.1825,0.12,9,0.1825,0.12,1.0,0.0219
Brand C,74128,0.385,0.7759999999999999,6,0.385,0.7759999999999999,0.625,0.29875999999999997
Brand C,73289,0.7975000000000001,0.6920000000000001,6,0.7975000000000001,0.6920000000000001,0.625,0.5518700000000001
Brand D,89075,0.3425,0.30799999999999994,9,0.3425,0.30799999999999994,1.0,0.10548999999999999
Brand Z,68237,0.30500000000000005,0.472,7,0.30500000000000005,0.472,0.75,0.14396
Brand Z,58322,0.13,0.023999999999999966,7,0.13,0.023999999999999966,0.75,0.0031199999999999956
Brand Z,72416,0.365,0.604,7,0.365,0.604,0.75,0.22046
Brand B,77161,0.6900000000000001,0.24,5,0.6900000000000001,0.24,0.5,0.1656
Brand Z,30588,0.4675,0.7359999999999999,7,0.4675,0.7359999999999999,0.75,0.34407999999999994
Brand Y,53590,0.044999999999999984,0.664,3,0.044999999999999984,0.664,0.25,0.02987999999999999
Brand W,79720,0.07750000000000001,0.4640000000000001,1,0.07750000000000001,0.4640000000000001,0.0,0.03596000000000001
Brand Y,55840,0.9724999999999999,0.7320000000000001,3,0.9724999999999999,0.7320000000000001,0.25,0.71187
Brand A,41824,0.615,0.9519999999999998,4,0.615,0.9519999999999998,0.375,0.5854799999999999
Brand C,86170,0.1275,0.7159999999999999,6,0.1275,0.7159999999999999,0.625,0.09128999999999998
Brand C,30947,0.38750000000000007,0.9959999999999999,6,0.38750000000000007,0.9959999999999999,0.625,0.38595
Brand C,82804,0.515,0.42799999999999994,6,0.515,0.42799999999999994,0.625,0.22041999999999998
Brand C,95145,0.32000000000000006,0.356,6,0.32000000000000006,0.356,0.625,0.11392000000000002
Brand Z,65892,0.8574999999999999,0.06,7,0.8574999999999999,0.06,0.75,0.051449999999999996
Brand Z,97905,0.6725,0.28400000000000003,7,0.6725,0.28400000000000003,0.75,0.19099000000000002
Brand B,42487,0.9325000000000001,0.4959999999999999,5,0.9325000000000001,0.4959999999999999,0.5,0.46251999999999993
Brand B,34604,0.010000000000000009,0.916,5,0.010000000000000009,0.916,0.5,0.009160000000000008
Brand B,77429,0.8700000000000001,0.7279999999999999,5,0.8700000000000001,0.7279999999999999,0.5,0.6333599999999999
Brand C,80662,0.61,0.544,6,0.61,0.544,0.625,0.33184
Brand E,30095,0.8574999999999999,0.568,2,0.8574999999999999,0.568,0.125,0.48705999999999994
Brand Z,66724,0.47250000000000003,0.07200000000000001,7,0.47250000000000003,0.07200000000000001,0.75,0.03402000000000001
Brand E,80558,0.76,0.06,2,0.76,0.06,0.125,0.0456
Brand W,93145,0.53,0.9440000000000001,1,0.53,0.9440000000000001,0.0,0.5003200000000001
Brand W,45332,0.8825000000000001,0.24,1,0.8825000000000001,0.24,0.0,0.21180000000000002
Brand C,83604,0.05249999999999999,0.15200000000000002,6,0.05249999999999999,0.15200000000000002,0.625,0.00798
Brand E,65186,0.27749999999999997,0.604,2,0.27749999999999997,0.604,0.125,0.16760999999999998
Brand Y,53694,0.8975,0.7120000000000001,3,0.8975,0.7120000000000001,0.25,0.63902
Brand X,34062,0.68,0.6959999999999998,8,0.68,0.6959999999999998,0.875,0.4732799999999999
Brand B,34924,0.9000000000000001,0.3440000000000001,5,0.9000000000000001,0.3440000000000001,0.5,0.3096000000000001
Brand Y,39514,0.8625,0.7440000000000001,3,0.8625,0.7440000000000001,0.25,0.6417000000000002
Brand Z,34110,0.9025000000000001,0.4,7,0.9025000000000001,0.4,0.75,0.36100000000000004
Brand Z,71939,0.16000000000000003,0.9400000000000001,7,0.16000000000000003,0.9400000000000001,0.75,0.15040000000000003
Brand A,40979,0.935,0.5920000000000001,4,0.935,0.5920000000000001,0.375,0.5535200000000001
Brand Y,46958,0.74,0.236,3,0.74,0.236,0.25,0.17464
Brand Z,90222,0.48750000000000004,0.08799999999999997,7,0.48750000000000004,0.08799999999999997,0.75,0.04289999999999999
Brand E,60037,0.685,0.45200000000000007,2,0.685,0.45200000000000007,0.125,0.30962000000000006
Brand W,40505,0.41000000000000003,0.8919999999999998,1,0.41000000000000003,0.8919999999999998,0.0,0.36571999999999993
Brand C,99207,0.6425000000000001,0.7759999999999999,6,0.6425000000000001,0.7759999999999999,0.625,0.49858
Brand D,88173,0.38750000000000007,0.896,9,0.38750000000000007,0.896,1.0,0.34720000000000006
Brand A,99860,0.5725,0.043999999999999984,4,0.5725,0.043999999999999984,0.375,0.02518999999999999
Brand X,51005,0.9750000000000001,0.42400000000000004,8,0.9750000000000001,0.42400000000000004,0.875,0.4134000000000001
Brand C,34951,0.385,0.524,6,0.385,0.524,0.625,0.20174
Brand B,47995,0.16250000000000003,0.404,5,0.16250000000000003,0.404,0.5,0.06565000000000001
Brand E,96881,0.22500000000000003,0.2879999999999999,2,0.22500000000000003,0.2879999999999999,0.125,0.0648
Brand D,66715,0.4425,0.832,9,0.4425,0.832,1.0,0.36816
Brand C,92372,0.645,0.32400000000000007,6,0.645,0.32400000000000007,0.625,0.20898000000000005
Brand B,82910,0.43000000000000005,0.17200000000000004,5,0.43000000000000005,0.17200000000000004,0.5,0.07396000000000003
Brand A,68562,0.8825000000000001,0.7400000000000001,4,0.8825000000000001,0.7400000000000001,0.375,0.6530500000000001
Brand A,75058,0.07250000000000001,0.2879999999999999,4,0.07250000000000001,0.2879999999999999,0.375,0.020879999999999996
Brand Y,84394,0.665,0.476,3,0.665,0.476,0.25,0.31654
Brand Y,78424,0.6625,0.2879999999999999,3,0.6625,0.2879999999999999,0.25,0.19079999999999994
Brand B,40786,0.8825000000000001,0.06,5,0.8825000000000001,0.06,0.5,0.052950000000000004
Brand Z,91153,0.875,0.244,7,0.875,0.244,0.75,0.2135
Brand E,65393,0.9025000000000001,0.42000000000000004,2,0.9025000000000001,0.42000000000000004,0.125,0.37905000000000005
Brand B,96597,0.1725,0.1479999999999999,5,0.1725,0.1479999999999999,0.5,0.025529999999999983
Brand Z,64441,0.95,0.52,7,0.95,0.52,0.75,0.494
Brand E,32497,0.7225,0.20799999999999996,2,0.7225,0.20799999999999996,0.125,0.15027999999999997
Brand Z,32890,0.044999999999999984,0.023999999999999966,7,0.044999999999999984,0.023999999999999966,0.75,0.001079999999999998
Brand E,73428,0.6425000000000001,0.8919999999999998,2,0.6425000000000001,0.8919999999999998,0.125,0.5731099999999999
Brand A,77592,0.94,0.368,4,0.94,0.368,0.375,0.34591999999999995
Brand D,45956,0.37250000000000005,0.11199999999999999,9,0.37250000000000005,0.11199999999999999,1.0,0.04172
Brand Z,85745,0.41000000000000003,0.7359999999999999,7,0.41000000000000003,0.7359999999999999,0.75,0.30176
Brand W,65684,0.6225,0.856,1,0.6225,0.856,0.0,0.53286
Brand Y,67921,0.2,0.06799999999999995,3,0.2,0.06799999999999995,0.25,0.01359999999999999
Brand D,56212,0.73,0.928,9,0.73,0.928,1.0,0.67744
Brand Z,94740,0.5325,0.916,7,0.5325,0.916,0.75,0.48777
Brand C,41184,0.9425000000000001,0.656,6,0.9425000000000001,0.656,0.625,0.61828
Brand D,84565,0.26,0.45999999999999996,9,0.26,0.45999999999999996,1.0,0.1196
Brand Z,51147,0.32999999999999996,0.6959999999999998,7,0.32999999999999996,0.6959999999999998,0.75,0.2296799999999999
Brand A,60738,0.6825,0.43999999999999995,4,0.6825,0.43999999999999995,0.375,0.30029999999999996
Brand E,36517,0.4525,0.8119999999999999,2,0.4525,0.8119999999999999,0.125,0.36743
Brand A,83928,0.41000000000000003,0.4640000000000001,4,0.41000000000000003,0.4640000000000001,0.375,0.19024000000000005
Brand X,40091,0.9724999999999999,0.18399999999999994,8,0.9724999999999999,0.18399999999999994,0.875,0.17893999999999993
Brand Z,36478,0.26249999999999996,0.10799999999999998,7,0.26249999999999996,0.10799999999999998,0.75,0.02834999999999999
Brand A,34137,0.20750000000000002,0.624,4,0.20750000000000002,0.624,0.375,0.12948
Brand X,52831,0.22000000000000003,0.12,8,0.22000000000000003,0.12,0.875,0.026400000000000003
Brand W,44434,0.10749999999999998,0.19599999999999995,1,0.10749999999999998,0.19599999999999995,0.0,0.02106999999999999
Brand A,69895,0.8775,0.5479999999999999,4,0.8775,0.5479999999999999,0.375,0.4808699999999999
Brand Z,32429,0.8474999999999999,0.4840000000000001,7,0.8474999999999999,0.4840000000000001,0.75,0.41019000000000005
Brand D,92467,0.47,0.07200000000000001,9,0.47,0.07200000000000001,1.0,0.03384
Brand X,48089,0.10249999999999998,0.372,8,0.10249999999999998,0.372,0.875,0.03812999999999999
Brand B,75505,0.245,0.32799999999999996,5,0.245,0.32799999999999996,0.5,0.08035999999999999
Brand C,67980,0.16999999999999998,0.3640000000000001,6,0.16999999999999998,0.3640000000000001,0.625,0.06188000000000001
Brand W,83066,0.6775,0.11199999999999999,1,0.6775,0.11199999999999999,0.0,0.07587999999999999
Brand W,66320,0.4425,0.62,1,0.4425,0.62,0.0,0.27435
Brand A,80998,0.057499999999999996,0.4840000000000001,4,0.057499999999999996,0.4840000000000001,0.375,0.027830000000000004
Brand Y,90173,0.8975,0.16399999999999992,3,0.8975,0.16399999999999992,0.25,0.14718999999999993
Brand A,58300,0.41500000000000004,0.9800000000000001,4,0.41500000000000004,0.9800000000000001,0.375,0.40670000000000006
Brand Y,93846,0.9675,0.872,3,0.9675,0.872,0.25,0.84366
Brand D,94707,0.8975,0.5599999999999999,9,0.8975,0.5599999999999999,1.0,0.5025999999999999
Brand A,59802,0.7025,0.7000000000000001,4,0.7025,0.7000000000000001,0.375,0.4917500000000001
Brand W,38355,0.835,0.43599999999999994,1,0.835,0.43599999999999994,0.0,0.36405999999999994
Brand A,62010,0.7225,0.856,4,0.7225,0.856,0.375,0.61846
Brand W,94323,0.7325,0.2759999999999999,1,0.7325,0.2759999999999999,0.0,0.20216999999999993
Brand A,85433,0.655,0.18799999999999994,4,0.655,0.18799999999999994,0.375,0.12313999999999997
Brand W,59917,0.5425,0.8040000000000002,1,0.5425,0.8040000000000002,0.0,0.43617000000000006
Brand W,44468,0.875,0.7759999999999999,1,0.875,0.7759999999999999,0.0,0.6789999999999999
Brand B,79601,0.5275,0.14400000000000002,5,0.5275,0.14400000000000002,0.5,0.07596
Brand E,66341,0.9525000000000001,0.86,2,0.9525000000000001,0.86,0.125,0.81915
Brand Y,38565,0.4325,0.856,3,0.4325,0.856,0.25,0.37022
Brand B,72454,0.3375,0.828,5,0.3375,0.828,0.5,0.27945000000000003
Brand E,58386,0.8400000000000001,0.9559999999999998,2,0.8400000000000001,0.9559999999999998,0.125,0.80304
Brand X,70842,0.65,0.8079999999999999,8,0.65,0.8079999999999999,0.875,0.5252
Brand A,54823,0.2975,0.5279999999999999,4,0.2975,0.5279999999999999,0.375,0.15707999999999997
Brand C,36700,0.06,0.488,6,0.06,0.488,0.625,0.029279999999999997
Brand Z,65160,0.3275,0.872,7,0.3275,0.872,0.75,0.28558
Brand Z,85741,0.405,0.30400000000000005,7,0.405,0.30400000000000005,0.75,0.12312000000000002
Brand Z,59956,0.020000000000000018,0.7080000000000001,7,0.020000000000000018,0.7080000000000001,0.75,0.014160000000000015
Brand Z,52695,0.7550000000000001,0.628,7,0.7550000000000001,0.628,0.75,0.47414000000000006
Brand Y,59104,0.20500000000000002,0.14,3,0.20500000000000002,0.14,0.25,0.028700000000000003
Brand C,58018,0.4375,0.9519999999999998,6,0.4375,0.9519999999999998,0.625,0.4164999999999999
Brand Y,83105,0.2825,0.42400000000000004,3,0.2825,0.42400000000000004,0.25,0.11978
Brand W,57816,0.6425000000000001,0.5279999999999999,1,0.6425000000000001,0.5279999999999999,0.0,0.33924
Brand A,61036,0.10000000000000003,0.568,4,0.10000000000000003,0.568,0.375,0.05680000000000002
Brand C,81433,0.20500000000000002,0.5479999999999999,6,0.20500000000000002,0.5479999999999999,0.625,0.11234
Brand Z,42021,0.49250000000000005,0.884,7,0.49250000000000005,0.884,0.75,0.43537000000000003
Brand X,82015,0.71,0.7559999999999999,8,0.71,0.7559999999999999,0.875,0.5367599999999999
Brand E,92423,0.745,0.356,2,0.745,0.356,0.125,0.26522
Brand E,44282,0.99,0.09999999999999998,2,0.99,0.09999999999999998,0.125,0.09899999999999998
Brand B,59084,0.73,0.9480000000000001,5,0.73,0.9480000000000001,0.5,0.69204
Brand C,53285,0.9950000000000001,0.392,6,0.9950000000000001,0.392,0.625,0.39004000000000005
Brand C,32263,0.5275,0.14,6,0.5275,0.14,0.625,0.07385
Brand X,54647,0.42000000000000004,0.504,8,0.42000000000000004,0.504,0.875,0.21168000000000003
Brand Z,83292,0.75,0.18799999999999994,7,0.75,0.18799999999999994,0.75,0.14099999999999996
Brand C,53035,0.5800000000000001,0.404,6,0.5800000000000001,0.404,0.625,0.23432000000000006
Brand A,31857,0.8500000000000001,0.42400000000000004,4,0.8500000000000001,0.42400000000000004,0.375,0.36040000000000005
Brand Y,44968,0.4,0.15600000000000003,3,0.4,0.15600000000000003,0.25,0.06240000000000001
Brand D,52948,0.95,0.872,9,0.95,0.872,1.0,0.8283999999999999
Brand Z,40223,0.59,0.9559999999999998,7,0.59,0.9559999999999998,0.75,0.5640399999999999
Brand D,86558,0.34750000000000003,0.10799999999999998,9,0.34750000000000003,0.10799999999999998,1.0,0.03753
Brand W,98158,0.7125,0.05199999999999999,1,0.7125,0.05199999999999999,0.0,0.03704999999999999
Brand X,76603,0.9099999999999999,0.936,8,0.9099999999999999,0.936,0.875,0.85176
Brand E,43802,0.38250000000000006,0.07999999999999996,2,0.38250000000000006,0.07999999999999996,0.125,0.03059999999999999
Brand D,97978,0.6125,0.132,9,0.6125,0.132,1.0,0.08085
Brand W,85551,0.9225000000000001,0.20799999999999996,1,0.9225000000000001,0.20799999999999996,0.0,0.19188
Brand Z,30660,0.16250000000000003,0.9319999999999998,7,0.16250000000000003,0.9319999999999998,0.75,0.15145
Brand W,36129,0.030000000000000027,0.624,1,0.030000000000000027,0.624,0.0,0.018720000000000018
Brand D,83483,0.39749999999999996,0.8919999999999998,9,0.39749999999999996,0.8919999999999998,1.0,0.3545699999999999
Brand D,60197,0.4325,0.916,9,0.4325,0.916,1.0,0.39617
Brand Y,54940,0.6725,0.5720000000000001,3,0.6725,0.5720000000000001,0.25,0.38467
Brand B,43593,0.1375,0.45200000000000007,5,0.1375,0.45200000000000007,0.5,0.06215000000000002
Brand A,42924,0.6275000000000001,0.384,4,0.6275000000000001,0.384,0.375,0.24096000000000004
Brand D,94263,0.1375,0.14400000000000002,9,0.1375,0.14400000000000002,1.0,0.019800000000000005
Brand E,55052,0.505,0.66,2,0.505,0.66,0.125,0.33330000000000004
Brand C,81771,0.39749999999999996,0.624,6,0.39749999999999996,0.624,0.625,0.24803999999999998
Brand C,87282,0.4475,0.32400000000000007,6,0.4475,0.32400000000000007,0.625,0.14499000000000004
Brand Z,75810,0.545,0.476,7,0.545,0.476,0.75,0.25942
Brand Y,55549,0.5025000000000001,0.7240000000000001,3,0.5025000000000001,0.7240000000000001,0.25,0.3638100000000001
Brand Z,89167,0.7525,0.488,7,0.7525,0.488,0.75,0.36722
Brand B,35427,0.895,0.035999999999999976,5,0.895,0.035999999999999976,0.5,0.03221999999999998
Brand B,43226,0.5775,0.8119999999999999,5,0.5775,0.8119999999999999,0.5,0.46892999999999996
Brand C,87089,0.36,0.30400000000000005,6,0.36,0.30400000000000005,0.625,0.10944000000000001
Brand B,76666,0.265,0.9680000000000001,5,0.265,0.9680000000000001,0.5,0.25652
Brand W,43873,0.0025000000000000022,0.252,1,0.0025000000000000022,0.252,0.0,0.0006300000000000006
Brand Y,40489,0.655,0.10799999999999998,3,0.655,0.10799999999999998,0.25,0.07074
Brand W,33376,0.7475,0.384,1,0.7475,0.384,0.0,0.28704
Brand A,47583,0.04249999999999998,0.3959999999999999,4,0.04249999999999998,0.3959999999999999,0.375,0.016829999999999987
Brand W,37124,0.3325,0.8919999999999998,1,0.3325,0.8919999999999998,0.0,0.29658999999999996
Brand Z,79096,0.8375000000000001,0.03999999999999998,7,0.8375000000000001,0.03999999999999998,0.75,0.03349999999999999
Brand W,90471,0.32500000000000007,0.7240000000000001,1,0.32500000000000007,0.7240000000000001,0.0,0.23530000000000006
Brand C,33751,0.26,0.16399999999999992,6,0.26,0.16399999999999992,0.625,0.042639999999999983
Brand W,36621,0.25,0.16799999999999993,1,0.25,0.16799999999999993,0.0,0.04199999999999998
Brand E,60993,0.20500000000000002,0.7799999999999999,2,0.20500000000000002,0.7799999999999999,0.125,0.1599
Brand D,31850,0.32000000000000006,0.22399999999999998,9,0.32000000000000006,0.22399999999999998,1.0,0.07168000000000001
Brand Y,43658,0.012500000000000011,0.604,3,0.012500000000000011,0.604,0.25,0.007550000000000006
Brand E,64735,0.9924999999999999,0.7919999999999999,2,0.9924999999999999,0.7919999999999999,0.125,0.7860599999999999
Brand B,94842,0.895,0.3440000000000001,5,0.895,0.3440000000000001,0.5,0.3078800000000001
Brand X,42909,0.8275000000000001,0.20799999999999996,8,0.8275000000000001,0.20799999999999996,0.875,0.17212
Brand B,61557,0.8175000000000001,0.508,5,0.8175000000000001,0.508,0.5,0.41529000000000005
Brand A,90233,0.79,0.388,4,0.79,0.388,0.375,0.30652
Brand D,32535,0.5275,0.7240000000000001,9,0.5275,0.7240000000000001,1.0,0.38191
Brand W,30554,0.10000000000000003,0.7879999999999999,1,0.10000000000000003,0.7879999999999999,0.0,0.07880000000000002
Brand Z,89387,0.5125000000000001,0.9759999999999999,7,0.5125000000000001,0.9759999999999999,0.75,0.5002
Brand E,69573,0.15750000000000003,0.676,2,0.15750000000000003,0.676,0.125,0.10647000000000002
Brand Z,89570,0.5700000000000001,0.44799999999999995,7,0.5700000000000001,0.44799999999999995,0.75,0.25536
Brand B,43003,0.8200000000000001,0.7000000000000001,5,0.8200000000000001,0.7000000000000001,0.5,0.5740000000000001
Brand A,30690,0.67,0.7759999999999999,4,0.67,0.7759999999999999,0.375,0.5199199999999999
Brand C,42398,0.7225,0.15600000000000003,6,0.7225,0.15600000000000003,0.625,0.11271000000000002
Brand A,94948,0.5775,0.28400000000000003,4,0.5775,0.28400000000000003,0.375,0.16401000000000002
Brand Z,40921,0.5650000000000001,0.21599999999999997,7,0.5650000000000001,0.21599999999999997,0.75,0.12204
Brand Z,95156,0.55,0.552,7,0.55,0.552,0.75,0.30360000000000004
Brand Z,43136,0.35,0.252,7,0.35,0.252,0.75,0.0882
Brand X,60960,0.24,0.388,8,0.24,0.388,0.875,0.09312
Brand Z,94125,0.20500000000000002,0.42000000000000004,7,0.20500000000000002,0.42000000000000004,0.75,0.08610000000000001
Brand X,95901,0.3125,0.7559999999999999,8,0.3125,0.7559999999999999,0.875,0.23624999999999996
Brand Y,32801,0.665,0.15600000000000003,3,0.665,0.15600000000000003,0.25,0.10374000000000003
Brand W,36445,0.5800000000000001,0.404,1,0.5800000000000001,0.404,0.0,0.23432000000000006
Brand C,32929,0.0025000000000000022,0.07200000000000001,6,0.0025000000000000022,0.07200000000000001,0.625,0.00018000000000000017
Brand X,65531,0.925,0.544,8,0.925,0.544,0.875,0.5032000000000001
Brand C,68116,0.12,0.7159999999999999,6,0.12,0.7159999999999999,0.625,0.08591999999999998
Brand Y,69421,0.020000000000000018,0.472,3,0.020000000000000018,0.472,0.25,0.009440000000000007
Brand E,56169,0.78,0.644,2,0.78,0.644,0.125,0.50232
Brand C,75646,0.07,0.6880000000000001,6,0.07,0.6880000000000001,0.625,0.04816000000000001
Brand Y,35355,0.6575,0.06799999999999995,3,0.6575,0.06799999999999995,0.25,0.044709999999999965
Brand Z,81405,0.9075,0.023999999999999966,7,0.9075,0.023999999999999966,0.75,0.02177999999999997
Brand Y,50812,0.27749999999999997,0.488,3,0.27749999999999997,0.488,0.25,0.13541999999999998
Brand B,53564,0.6775,0.612,5,0.6775,0.612,0.5,0.41463
Brand Z,89107,0.525,0.02799999999999997,7,0.525,0.02799999999999997,0.75,0.014699999999999984
Brand W,74280,0.7575000000000001,0.019999999999999962,1,0.7575000000000001,0.019999999999999962,0.0,0.015149999999999973
Brand A,94593,0.925,0.4959999999999999,4,0.925,0.4959999999999999,0.375,0.45879999999999993
Brand D,52875,0.7075,0.848,9,0.7075,0.848,1.0,0.59996
Brand D,95508,0.14500000000000002,0.9719999999999999,9,0.14500000000000002,0.9719999999999999,1.0,0.14094
Brand C,47880,0.8474999999999999,0.4840000000000001,6,0.8474999999999999,0.4840000000000001,0.625,0.41019000000000005
Brand C,72948,0.94,0.568,6,0.94,0.568,0.625,0.53392
Brand Y,46502,0.195,0.644,3,0.195,0.644,0.25,0.12558
Brand X,91149,0.48250000000000004,0.524,8,0.48250000000000004,0.524,0.875,0.25283000000000005
Brand A,30395,0.1975,0.24,4,0.1975,0.24,0.375,0.0474
Brand D,78703,0.38250000000000006,0.30400000000000005,9,0.38250000000000006,0.30400000000000005,1.0,0.11628000000000004
Brand W,39284,0.6425000000000001,0.9400000000000001,1,0.6425000000000001,0.9400000000000001,0.0,0.6039500000000001
Brand D,89694,0.5625,0.5159999999999999,9,0.5625,0.5159999999999999,1.0,0.29024999999999995
Brand W,95159,0.8500000000000001,0.38,1,0.8500000000000001,0.38,0.0,0.32300000000000006
Brand A,35612,0.04749999999999999,0.512,4,0.04749999999999999,0.512,0.375,0.024319999999999994
Brand Y,85586,0.6025,0.392,3,0.6025,0.392,0.25,0.23618000000000003
Brand C,33808,0.6175,0.01200000000000001,6,0.6175,0.01200000000000001,0.625,0.007410000000000007
Brand C,42724,0.1325,0.5279999999999999,6,0.1325,0.5279999999999999,0.625,0.06996
Brand E,88028,0.7849999999999999,0.928,2,0.7849999999999999,0.928,0.125,0.72848
Brand W,81010,0.905,0.7000000000000001,1,0.905,0.7000000000000001,0.0,0.6335000000000001
Brand E,45484,0.8574999999999999,0.672,2,0.8574999999999999,0.672,0.125,0.57624
Brand B,53221,0.12,0.816,5,0.12,0.816,0.5,0.09792
Brand W,98812,0.07500000000000001,0.31599999999999995,1,0.07500000000000001,0.31599999999999995,0.0,0.0237
Brand Z,33076,0.6725,0.836,7,0.6725,0.836,0.75,0.56221
Brand X,41069,0.44500000000000006,0.43200000000000005,8,0.44500000000000006,0.43200000000000005,0.875,0.19224000000000005
Brand C,75601,0.1875,0.54,6,0.1875,0.54,0.625,0.10125
Brand D,87429,0.42000000000000004,0.832,9,0.42000000000000004,0.832,1.0,0.34944000000000003
Brand Z,70153,0.8425,0.9,7,0.8425,0.9,0.75,0.7582500000000001
Brand Y,30317,0.1825,0.18799999999999994,3,0.1825,0.18799999999999994,0.25,0.034309999999999986
Brand W,70037,0.97,0.07999999999999996,1,0.97,0.07999999999999996,0.0,0.07759999999999996
Brand E,86836,0.5625,0.82,2,0.5625,0.82,0.125,0.46125
Brand A,40156,0.6675,0.4,4,0.6675,0.4,0.375,0.267
Brand A,38247,0.5975,0.7879999999999999,4,0.5975,0.7879999999999999,0.375,0.47082999999999997
Brand Z,30577,0.04749999999999999,0.852,7,0.04749999999999999,0.852,0.75,0.040469999999999985
Brand D,46022,0.5925,0.7999999999999999,9,0.5925,0.7999999999999999,1.0,0.474
Brand Z,83741,0.74,0.9480000000000001,7,0.74,0.9480000000000001,0.75,0.70152
Brand D,95303,0.15750000000000003,0.12,9,0.15750000000000003,0.12,1.0,0.018900000000000004
Brand W,49245,0.6875,0.7559999999999999,1,0.6875,0.7559999999999999,0.0,0.5197499999999999
Brand Y,80830,0.8900000000000001,0.5,3,0.8900000000000001,0.5,0.25,0.44500000000000006
Brand Z,31644,0.3275,0.19200000000000006,7,0.3275,0.19200000000000006,0.75,0.06288000000000002
Brand X,80945,0.26249999999999996,0.872,8,0.26249999999999996,0.872,0.875,0.22889999999999996
Brand X,32776,0.935,0.476,8,0.935,0.476,0.875,0.44506
Brand C,52820,0.36250000000000004,0.043999999999999984,6,0.36250000000000004,0.043999999999999984,0.625,0.015949999999999995
Brand W,42066,0.10249999999999998,0.7559999999999999,1,0.10249999999999998,0.7559999999999999,0.0,0.07748999999999998
Brand Z,37993,0.39,0.44400000000000006,7,0.39,0.44400000000000006,0.75,0.17316000000000004
Brand C,77087,0.23249999999999998,0.16399999999999992,6,0.23249999999999998,0.16399999999999992,0.625,0.038129999999999976
Brand D,98445,0.49750000000000005,0.512,9,0.49750000000000005,0.512,1.0,0.25472000000000006
Brand E,62535,0.62,0.2879999999999999,2,0.62,0.2879999999999999,0.125,0.17855999999999994
Brand W,48330,0.345,0.33999999999999997,1,0.345,0.33999999999999997,0.0,0.11729999999999997
Brand Z,51536,0.615,0.124,7,0.615,0.124,0.75,0.07626
Brand X,80748,0.04249999999999998,0.07999999999999996,8,0.04249999999999998,0.07999999999999996,0.875,0.0033999999999999968
Brand E,83003,0.08000000000000002,0.6,2,0.08000000000000002,0.6,0.125,0.04800000000000001
Brand A,63152,0.41000000000000003,0.9559999999999998,4,0.41000000000000003,0.9559999999999998,0.375,0.39196
Brand A,92534,0.9724999999999999,0.43200000000000005,4,0.9724999999999999,0.43200000000000005,0.375,0.42012
Brand Z,48485,0.5,0.5479999999999999,7,0.5,0.5479999999999999,0.75,0.27399999999999997
Brand B,51695,0.9325000000000001,0.54,5,0.9325000000000001,0.54,0.5,0.50355
Brand D,94262,0.44000000000000006,0.22399999999999998,9,0.44000000000000006,0.22399999999999998,1.0,0.09856000000000001
Brand W,54302,0.525,0.18799999999999994,1,0.525,0.18799999999999994,0.0,0.09869999999999998
Brand W,33541,0.9099999999999999,0.64,1,0.9099999999999999,0.64,0.0,0.5823999999999999
Brand B,76370,0.5525,0.492,5,0.5525,0.492,0.5,0.27183
Brand A,62377,0.25250000000000006,0.14,4,0.25250000000000006,0.14,0.375,0.03535000000000001
Brand E,32154,0.31500000000000006,0.24,2,0.31500000000000006,0.24,0.125,0.07560000000000001
Brand D,99375,0.7725,0.924,9,0.7725,0.924,1.0,0.71379
Brand E,60987,0.6325000000000001,0.388,2,0.6325000000000001,0.388,0.125,0.24541000000000004
Brand D,38923,0.21500000000000002,0.23199999999999998,9,0.21500000000000002,0.23199999999999998,1.0,0.04988
Brand W,57825,0.6675,0.03200000000000003,1,0.6675,0.03200000000000003,0.0,0.021360000000000018
Brand B,57595,0.395,0.14400000000000002,5,0.395,0.14400000000000002,0.5,0.05688000000000001
Brand B,88810,0.3175,0.31599999999999995,5,0.3175,0.31599999999999995,0.5,0.10032999999999999
Brand D,30077,0.915,0.888,9,0.915,0.888,1.0,0.81252
Brand A,39055,0.3025,0.5359999999999999,4,0.3025,0.5359999999999999,0.375,0.16213999999999998
Brand Y,43856,0.5700000000000001,0.36,3,0.5700000000000001,0.36,0.25,0.20520000000000002
Brand B,70557,0.4125,0.904,5,0.4125,0.904,0.5,0.3729
Brand D,50882,0.8775,0.128,9,0.8775,0.128,1.0,0.11231999999999999
Brand W,77166,0.28,0.07999999999999996,1,0.28,0.07999999999999996,0.0,0.02239999999999999
Brand B,58697,0.26,0.48,5,0.26,0.48,0.5,0.1248
Brand A,59736,0.13,0.41200000000000003,4,0.13,0.41200000000000003,0.375,0.05356
Brand X,61560,0.057499999999999996,0.43200000000000005,8,0.057499999999999996,0.43200000000000005,0.875,0.02484
Brand Z,60347,0.1225,0.588,7,0.1225,0.588,0.75,0.07203
Brand C,92963,0.27249999999999996,0.908,6,0.27249999999999996,0.908,0.625,0.24742999999999998
Brand X,30241,0.5325,0.44799999999999995,8,0.5325,0.44799999999999995,0.875,0.23855999999999997
Brand X,78932,0.275,0.4,8,0.275,0.4,0.875,0.11000000000000001
Brand C,51628,0.6625,0.4159999999999999,6,0.6625,0.4159999999999999,0.625,0.27559999999999996
Brand D,58097,0.385,0.19200000000000006,9,0.385,0.19200000000000006,1.0,0.07392000000000003
Brand C,51137,0.8500000000000001,0.21599999999999997,6,0.8500000000000001,0.21599999999999997,0.625,0.18359999999999999
Brand C,70182,0.8574999999999999,0.7840000000000001,6,0.8574999999999999,0.7840000000000001,0.625,0.6722800000000001
Brand D,96922,0.29500000000000004,0.48,9,0.29500000000000004,0.48,1.0,0.1416
Brand X,89813,0.79,0.06799999999999995,8,0.79,0.06799999999999995,0.875,0.05371999999999996
Brand X,34748,0.395,0.7759999999999999,8,0.395,0.7759999999999999,0.875,0.30651999999999996
Brand X,66956,0.6675,0.348,8,0.6675,0.348,0.875,0.23228999999999997
Brand A,90023,0.03250000000000003,0.828,4,0.03250000000000003,0.828,0.375,0.026910000000000024
Brand W,34783,0.7025,0.9559999999999998,1,0.7025,0.9559999999999998,0.0,0.6715899999999999
Brand A,37044,0.23249999999999998,0.5,4,0.23249999999999998,0.5,0.375,0.11624999999999999
Brand X,82837,0.5575,0.9680000000000001,8,0.5575,0.9680000000000001,0.875,0.53966
Brand C,86844,0.2875,0.38,6,0.2875,0.38,0.625,0.10924999999999999
Brand X,57635,0.8574999999999999,0.848,8,0.8574999999999999,0.848,0.875,0.7271599999999999
Brand W,53840,0.41500000000000004,0.08799999999999997,1,0.41500000000000004,0.08799999999999997,0.0,0.03651999999999999
Brand Y,74574,0.4525,0.52,3,0.4525,0.52,0.25,0.2353
Brand E,65792,0.895,0.08799999999999997,2,0.895,0.08799999999999997,0.125,0.07875999999999997
Brand C,60113,0.21750000000000003,0.8119999999999999,6,0.21750000000000003,0.8119999999999999,0.625,0.17661000000000002
Brand B,68853,0.4575,0.007999999999999952,5,0.4575,0.007999999999999952,0.5,0.003659999999999978
Brand B,65397,0.14,0.05199999999999999,5,0.14,0.05199999999999999,0.5,0.007279999999999999
Brand B,80912,0.48,0.264,5,0.48,0.264,0.5,0.12672
Brand Y,34349,0.185,0.816,3,0.185,0.816,0.25,0.15095999999999998
Brand A,88255,0.5675,0.652,4,0.5675,0.652,0.375,0.37001
Brand D,88467,0.96,0.7640000000000001,9,0.96,0.7640000000000001,1.0,0.7334400000000001
Brand W,51826,0.43000000000000005,0.42000000000000004,1,0.43000000000000005,0.42000000000000004,0.0,0.18060000000000004
Brand E,68039,0.7575000000000001,0.007999999999999952,2,0.7575000000000001,0.007999999999999952,0.125,0.006059999999999964
Brand X,92850,0.15000000000000002,0.7120000000000001,8,0.15000000000000002,0.7120000000000001,0.875,0.10680000000000003
Brand Z,33157,0.9924999999999999,0.11599999999999999,7,0.9924999999999999,0.11599999999999999,0.75,0.11512999999999998
Brand Y,30015,0.885,0.055999999999999994,3,0.885,0.055999999999999994,0.25,0.04955999999999999
Brand W,64585,0.8125,0.09600000000000003,1,0.8125,0.09600000000000003,0.0,0.07800000000000003
Brand E,44803,0.4475,0.06,2,0.4475,0.06,0.125,0.02685
Brand Y,75020,0.43000000000000005,0.28400000000000003,3,0.43000000000000005,0.28400000000000003,0.25,0.12212000000000002
Brand W,40694,0.02250000000000002,0.7879999999999999,1,0.02250000000000002,0.7879999999999999,0.0,0.017730000000000013
Brand B,88455,0.09500000000000003,0.628,5,0.09500000000000003,0.628,0.5,0.05966000000000002
Brand C,51575,0.25750000000000006,0.928,6,0.25750000000000006,0.928,0.625,0.23896000000000006
Brand Y,60904,0.49750000000000005,0.492,3,0.49750000000000005,0.492,0.25,0.24477000000000002
Brand A,99201,0.59,0.07999999999999996,4,0.59,0.07999999999999996,0.375,0.04719999999999997
Brand Z,70636,0.5675,0.45599999999999996,7,0.5675,0.45599999999999996,0.75,0.25877999999999995
Brand Z,51770,0.8200000000000001,0.7359999999999999,7,0.8200000000000001,0.7359999999999999,0.75,0.60352
Brand Y,73219,0.45499999999999996,0.43999999999999995,3,0.45499999999999996,0.43999999999999995,0.25,0.20019999999999996
Brand X,45476,0.4375,0.7559999999999999,8,0.4375,0.7559999999999999,0.875,0.33074999999999993
Brand Y,67784,0.8800000000000001,0.248,3,0.8800000000000001,0.248,0.25,0.21824000000000002
Brand Z,61701,0.6825,0.04799999999999993,7,0.6825,0.04799999999999993,0.75,0.032759999999999956
Brand E,40682,0.29500000000000004,0.264,2,0.29500000000000004,0.264,0.125,0.07788000000000002
Brand W,50728,0.44000000000000006,0.4840000000000001,1,0.44000000000000006,0.4840000000000001,0.0,0.21296000000000007
Brand E,56839,0.8800000000000001,0.628,2,0.8800000000000001,0.628,0.125,0.55264
Brand D,40933,0.7650000000000001,0.44799999999999995,9,0.7650000000000001,0.44799999999999995,1.0,0.34272
Brand W,95399,0.7625,0.524,1,0.7625,0.524,0.0,0.39955
Brand X,92477,0.030000000000000027,0.30799999999999994,8,0.030000000000000027,0.30799999999999994,0.875,0.009240000000000007
Brand D,68464,0.6475,0.6920000000000001,9,0.6475,0.6920000000000001,1.0,0.44807
Brand Y,72270,0.30000000000000004,0.08399999999999996,3,0.30000000000000004,0.08399999999999996,0.25,0.025199999999999993
Brand Y,37572,0.7225,0.9319999999999998,3,0.7225,0.9319999999999998,0.25,0.6733699999999999
Brand D,38307,0.4425,0.252,9,0.4425,0.252,1.0,0.11151
Brand A,86697,0.13,0.32400000000000007,4,0.13,0.32400000000000007,0.375,0.04212000000000001
Brand B,82695,0.21500000000000002,0.7279999999999999,5,0.21500000000000002,0.7279999999999999,0.5,0.15652
Brand D,44691,0.08750000000000002,0.816,9,0.08750000000000002,0.816,1.0,0.07140000000000002
Brand B,49065,0.9475,0.356,5,0.9475,0.356,0.5,0.33731
Brand E,61524,0.6675,0.5279999999999999,2,0.6675,0.5279999999999999,0.125,0.3524399999999999
Brand B,74927,0.8674999999999999,0.356,5,0.8674999999999999,0.356,0.5,0.30882999999999994
Brand E,48120,0.545,0.9680000000000001,2,0.545,0.9680000000000001,0.125,0.52756
Brand Y,51796,0.44500000000000006,0.66,3,0.44500000000000006,0.66,0.25,0.29370000000000007
Brand W,78504,0.595,0.23199999999999998,1,0.595,0.23199999999999998,0.0,0.13804
Brand Z,90434,0.1825,0.7599999999999999,7,0.1825,0.7599999999999999,0.75,0.1387
Brand D,61833,0.18,0.26,9,0.18,0.26,1.0,0.0468
Brand C,96726,0.8200000000000001,0.488,6,0.8200000000000001,0.488,0.625,0.40016
Brand B,44983,0.47750000000000004,0.45200000000000007,5,0.47750000000000004,0.45200000000000007,0.5,0.21583000000000005
Brand X,78877,0.8900000000000001,0.828,8,0.8900000000000001,0.828,0.875,0.73692
Brand Y,36861,0.14750000000000002,0.016000000000000014,3,0.14750000000000002,0.016000000000000014,0.25,0.0023600000000000023
Brand D,36986,0.007500000000000007,0.36,9,0.007500000000000007,0.36,1.0,0.0027000000000000023
Brand D,93982,0.47250000000000003,0.7559999999999999,9,0.47250000000000003,0.7559999999999999,1.0,0.35720999999999997
Brand E,61230,0.8625,0.668,2,0.8625,0.668,0.125,0.57615
Brand D,71454,0.5800000000000001,0.552,9,0.5800000000000001,0.552,1.0,0.32016000000000006
Brand C,45576,0.6,0.9480000000000001,6,0.6,0.9480000000000001,0.625,0.5688
Brand A,88467,0.16000000000000003,0.035999999999999976,4,0.16000000000000003,0.035999999999999976,0.375,0.005759999999999998
Brand B,64003,0.017500000000000016,0.252,5,0.017500000000000016,0.252,0.5,0.004410000000000004
Brand A,93621,0.265,0.05199999999999999,4,0.265,0.05199999999999999,0.375,0.013779999999999999
Brand Z,88606,0.39249999999999996,0.17200000000000004,7,0.39249999999999996,0.17200000000000004,0.75,0.06751000000000001
Brand D,64231,0.355,0.7840000000000001,9,0.355,0.7840000000000001,1.0,0.27832
Brand X,83957,0.3075,0.9600000000000001,8,0.3075,0.9600000000000001,0.875,0.2952
Brand D,33612,0.8075000000000001,0.5,9,0.8075000000000001,0.5,1.0,0.40375000000000005
Brand E,54927,0.8225,0.5599999999999999,2,0.8225,0.5599999999999999,0.125,0.46059999999999995
Brand C,66397,0.7650000000000001,0.7440000000000001,6,0.7650000000000001,0.7440000000000001,0.625,0.5691600000000002
Brand W,75506,0.09000000000000002,0.03200000000000003,1,0.09000000000000002,0.03200000000000003,0.0,0.0028800000000000032
Brand W,88751,0.4425,0.11199999999999999,1,0.4425,0.11199999999999999,0.0,0.04955999999999999
Brand B,87767,0.3075,0.92,5,0.3075,0.92,0.5,0.2829
Brand Y,59588,0.8875,0.7520000000000001,3,0.8875,0.7520000000000001,0.25,0.6674000000000001
Brand D,52079,0.5700000000000001,0.632,9,0.5700000000000001,0.632,1.0,0.36024000000000006
Brand W,53675,0.22500000000000003,0.128,1,0.22500000000000003,0.128,0.0,0.028800000000000006
Brand A,83519,0.395,0.08799999999999997,4,0.395,0.08799999999999997,0.375,0.034759999999999985
Brand C,92287,0.9950000000000001,0.32400000000000007,6,0.9950000000000001,0.32400000000000007,0.625,0.3223800000000001
Brand A,62867,0.9525000000000001,0.392,4,0.9525000000000001,0.392,0.375,0.37338000000000005
Brand W,65478,0.6975,0.31200000000000006,1,0.6975,0.31200000000000006,0.0,0.21762000000000004
Brand X,95611,0.7275,0.7479999999999999,8,0.7275,0.7479999999999999,0.875,0.5441699999999999
Brand E,63602,0.7425,0.552,2,0.7425,0.552,0.125,0.40986000000000006
Brand E,82529,0.635,0.612,2,0.635,0.612,0.125,0.38862
Brand D,37682,0.545,0.28400000000000003,9,0.545,0.28400000000000003,1.0,0.15478000000000003
Brand Z,53418,0.9075,0.22799999999999998,7,0.9075,0.22799999999999998,0.75,0.20690999999999998
Brand E,47927,0.1925,0.672,2,0.1925,0.672,0.125,0.12936
Brand E,84376,0.44000000000000006,0.38,2,0.44000000000000006,0.38,0.125,0.16720000000000002
Brand X,33492,0.38750000000000007,0.28400000000000003,8,0.38750000000000007,0.28400000000000003,0.875,0.11005000000000004
Brand A,83794,0.9025000000000001,0.2559999999999999,4,0.9025000000000001,0.2559999999999999,0.375,0.2310399999999999
Brand B,99691,0.5075000000000001,0.016000000000000014,5,0.5075000000000001,0.016000000000000014,0.5,0.008120000000000007
Brand B,64198,0.9575,0.348,5,0.9575,0.348,0.5,0.33321
Brand B,66190,0.6225,0.844,5,0.6225,0.844,0.5,0.52539
Brand Y,89715,0.29500000000000004,0.3959999999999999,3,0.29500000000000004,0.3959999999999999,0.25,0.11682
Brand D,66847,0.8025,0.524,9,0.8025,0.524,1.0,0.42051
Brand B,97763,0.61,0.672,5,0.61,0.672,0.5,0.40992
Brand C,54775,0.7875000000000001,0.9119999999999998,6,0.7875000000000001,0.9119999999999998,0.625,0.7182
Brand Y,79600,0.265,0.03200000000000003,3,0.265,0.03200000000000003,0.25,0.008480000000000008
Brand Z,52573,0.245,0.17999999999999994,7,0.245,0.17999999999999994,0.75,0.044099999999999986
Brand C,67271,0.49,0.17999999999999994,6,0.49,0.17999999999999994,0.625,0.08819999999999997
Brand D,78303,0.39,0.30799999999999994,9,0.39,0.30799999999999994,1.0,0.12011999999999998
Brand E,80507,0.14750000000000002,0.07600000000000001,2,0.14750000000000002,0.07600000000000001,0.125,0.011210000000000003
Brand B,74292,0.735,0.20399999999999996,5,0.735,0.20399999999999996,0.5,0.14993999999999996
Brand C,68704,0.6625,0.7799999999999999,6,0.6625,0.7799999999999999,0.625,0.5167499999999999
Brand W,31065,0.20500000000000002,0.9640000000000001,1,0.20500000000000002,0.9640000000000001,0.0,0.19762000000000002
Brand B,37003,0.6225,0.632,5,0.6225,0.632,0.5,0.39342000000000005
Brand Z,81286,0.8474999999999999,0.7000000000000001,7,0.8474999999999999,0.7000000000000001,0.75,0.59325
Brand C,74635,0.4675,0.676,6,0.4675,0.676,0.625,0.31603000000000003
Brand W,32424,0.7025,0.86,1,0.7025,0.86,0.0,0.60415
Brand W,49313,0.905,0.7040000000000001,1,0.905,0.7040000000000001,0.0,0.6371200000000001
Brand B,34352,0.03750000000000003,0.5479999999999999,5,0.03750000000000003,0.5479999999999999,0.5,0.020550000000000016
Brand X,55315,0.5700000000000001,0.384,8,0.5700000000000001,0.384,0.875,0.21888000000000002
Brand C,94752,0.9924999999999999,0.2759999999999999,6,0.9924999999999999,0.2759999999999999,0.625,0.2739299999999999
Brand C,37087,0.66,0.44400000000000006,6,0.66,0.44400000000000006,0.625,0.2930400000000001
Brand Z,79714,0.32999999999999996,0.19599999999999995,7,0.32999999999999996,0.19599999999999995,0.75,0.06467999999999997
Brand X,71018,0.7275,0.9440000000000001,8,0.7275,0.9440000000000001,0.875,0.68676
Brand E,86444,0.3075,0.3440000000000001,2,0.3075,0.3440000000000001,0.125,0.10578000000000003
Brand A,55010,0.7650000000000001,0.252,4,0.7650000000000001,0.252,0.375,0.19278000000000003
Brand Z,58372,0.09000000000000002,0.0,7,0.09000000000000002,0.0,0.75,0.0
Brand C,87363,0.6900000000000001,0.016000000000000014,6,0.6900000000000001,0.016000000000000014,0.625,0.01104000000000001
Brand W,90202,0.20500000000000002,0.7559999999999999,1,0.20500000000000002,0.7559999999999999,0.0,0.15497999999999998
Brand E,46663,0.7225,0.19999999999999996,2,0.7225,0.19999999999999996,0.125,0.14449999999999996
Brand W,64526,0.6475,0.7799999999999999,1,0.6475,0.7799999999999999,0.0,0.5050499999999999
Brand X,42717,0.9950000000000001,0.7000000000000001,8,0.9950000000000001,0.7000000000000001,0.875,0.6965000000000001
Brand B,42957,0.9475,0.672,5,0.9475,0.672,0.5,0.6367200000000001
Brand W,61811,0.1375,0.43999999999999995,1,0.1375,0.43999999999999995,0.0,0.0605
Brand Y,93254,0.625,0.272,3,0.625,0.272,0.25,0.17
Brand B,71563,0.67,0.596,5,0.67,0.596,0.5,0.39932
Brand C,42784,0.355,0.9319999999999998,6,0.355,0.9319999999999998,0.625,0.33085999999999993
Brand E,61820,0.26749999999999996,0.03999999999999998,2,0.26749999999999996,0.03999999999999998,0.125,0.010699999999999993
Brand B,39125,0.5075000000000001,0.17999999999999994,5,0.5075000000000001,0.17999999999999994,0.5,0.09134999999999997
Brand A,34868,0.45499999999999996,0.19999999999999996,4,0.45499999999999996,0.19999999999999996,0.375,0.09099999999999997
Brand Z,39096,0.8600000000000001,0.7159999999999999,7,0.8600000000000001,0.7159999999999999,0.75,0.61576
Brand W,38304,0.9425000000000001,0.508,1,0.9425000000000001,0.508,0.0,0.47879000000000005
Brand A,94724,0.6775,0.7559999999999999,4,0.6775,0.7559999999999999,0.375,0.5121899999999999
Brand Z,63328,0.5025000000000001,0.58,7,0.5025000000000001,0.58,0.75,0.29145
Brand Z,98965,0.22000000000000003,0.544,7,0.22000000000000003,0.544,0.75,0.11968000000000002
Brand C,93532,0.09500000000000003,0.26,6,0.09500000000000003,0.26,0.625,0.024700000000000007
Brand Y,68051,0.94,0.09999999999999998,3,0.94,0.09999999999999998,0.25,0.09399999999999997
Brand D,31937,0.655,0.5479999999999999,9,0.655,0.5479999999999999,1.0,0.35894
Brand Z,98901,0.4225,0.7200000000000001,7,0.4225,0.7200000000000001,0.75,0.3042
Brand D,59524,0.8725,0.236,9,0.8725,0.236,1.0,0.20591
Brand E,56793,0.555,0.09600000000000003,2,0.555,0.09600000000000003,0.125,0.05328000000000002
Brand A,55210,0.9675,0.22399999999999998,4,0.9675,0.22399999999999998,0.375,0.21672
Brand W,65947,0.275,0.128,1,0.275,0.128,0.0,0.0352
Brand Z,98835,0.5325,0.31599999999999995,7,0.5325,0.31599999999999995,0.75,0.16826999999999998
Brand Z,45482,0.99,0.9919999999999999,7,0.99,0.9919999999999999,0.75,0.9820799999999998
Brand Z,37148,0.34750000000000003,0.32400000000000007,7,0.34750000000000003,0.32400000000000007,0.75,0.11259000000000004
Brand W,78009,0.07250000000000001,0.10799999999999998,1,0.07250000000000001,0.10799999999999998,0.0,0.00783
Brand D,35049,0.7825,0.7959999999999999,9,0.7825,0.7959999999999999,1.0,0.6228699999999999
Brand B,98465,0.345,0.6880000000000001,5,0.345,0.6880000000000001,0.5,0.23736
Brand E,35531,0.5375,0.248,2,0.5375,0.248,0.125,0.1333
Brand Z,54716,0.1975,0.5,7,0.1975,0.5,0.75,0.09875
Brand D,34334,0.355,0.636,9,0.355,0.636,1.0,0.22577999999999998
Brand B,54299,0.6425000000000001,0.08799999999999997,5,0.6425000000000001,0.08799999999999997,0.5,0.056539999999999986
Brand X,70498,0.39249999999999996,0.648,8,0.39249999999999996,0.648,0.875,0.25433999999999996
Brand Z,41568,0.8,0.668,7,0.8,0.668,0.75,0.5344000000000001
Brand W,48819,0.6825,0.124,1,0.6825,0.124,0.0,0.08463
Brand W,84934,0.14750000000000002,0.632,1,0.14750000000000002,0.632,0.0,0.09322000000000001
Brand E,65785,0.735,0.852,2,0.735,0.852,0.125,0.62622
Brand B,60060,0.2425,0.06799999999999995,5,0.2425,0.06799999999999995,0.5,0.016489999999999987
Brand Y,75405,0.26249999999999996,0.7520000000000001,3,0.26249999999999996,0.7520000000000001,0.25,0.1974
Brand Z,61560,0.08750000000000002,0.3320000000000001,7,0.08750000000000002,0.3320000000000001,0.75,0.029050000000000013
Brand E,69897,0.10499999999999998,0.1479999999999999,2,0.10499999999999998,0.1479999999999999,0.125,0.015539999999999988
Brand C,35176,0.14250000000000002,0.7440000000000001,6,0.14250000000000002,0.7440000000000001,0.625,0.10602000000000003
Brand A,48971,0.585,0.404,4,0.585,0.404,0.375,0.23634
Brand Y,46983,0.8200000000000001,0.512,3,0.8200000000000001,0.512,0.25,0.41984000000000005
Brand W,58648,0.62,0.9719999999999999,1,0.62,0.9719999999999999,0.0,0.60264
Brand B,42948,0.38750000000000007,0.652,5,0.38750000000000007,0.652,0.5,0.25265000000000004
Brand W,57769,0.7749999999999999,0.48,1,0.7749999999999999,0.48,0.0,0.37199999999999994
Brand Y,99650,0.37250000000000005,0.576,3,0.37250000000000005,0.576,0.25,0.21456
Brand B,86107,0.47250000000000003,0.21999999999999997,5,0.47250000000000003,0.21999999999999997,0.5,0.10395
Brand A,42266,0.35,0.7799999999999999,4,0.35,0.7799999999999999,0.375,0.27299999999999996
Brand D,73219,0.395,0.21599999999999997,9,0.395,0.21599999999999997,1.0,0.08532
Brand W,91610,0.5525,0.3440000000000001,1,0.5525,0.3440000000000001,0.0,0.19006000000000003
Brand C,57808,0.185,0.924,6,0.185,0.924,0.625,0.17094
Brand B,34906,0.10749999999999998,0.9559999999999998,5,0.10749999999999998,0.9559999999999998,0.5,0.10276999999999997
Brand C,58013,0.9475,0.1479999999999999,6,0.9475,0.1479999999999999,0.625,0.1402299999999999
Brand E,56890,0.27749999999999997,0.5720000000000001,2,0.27749999999999997,0.5720000000000001,0.125,0.15873
Brand W,36230,0.605,0.352,1,0.605,0.352,0.0,0.21295999999999998
Brand A,55788,0.8775,0.29200000000000004,4,0.8775,0.29200000000000004,0.375,0.25623
Brand W,82758,0.21000000000000002,0.7279999999999999,1,0.21000000000000002,0.7279999999999999,0.0,0.15288
Brand B,98382,0.7325,0.264,5,0.7325,0.264,0.5,0.19338000000000002
Brand D,83314,0.2375,0.384,9,0.2375,0.384,1.0,0.0912
Brand B,60637,0.5175000000000001,0.003999999999999948,5,0.5175000000000001,0.003999999999999948,0.5,0.0020699999999999733
Brand E,32280,0.925,0.492,2,0.925,0.492,0.125,0.4551
Brand C,56320,0.925,0.31599999999999995,6,0.925,0.31599999999999995,0.625,0.29229999999999995
Brand B,49558,0.9675,0.21999999999999997,5,0.9675,0.21999999999999997,0.5,0.21284999999999998
Brand X,70447,0.1975,0.512,8,0.1975,0.512,0.875,0.10112
Brand X,61304,0.9875,0.4840000000000001,8,0.9875,0.4840000000000001,0.875,0.4779500000000001
Brand D,96918,0.99,0.31599999999999995,9,0.99,0.31599999999999995,1.0,0.31283999999999995
Brand X,56965,0.98,0.88,8,0.98,0.88,0.875,0.8623999999999999
Brand A,37049,0.2875,0.23199999999999998,4,0.2875,0.23199999999999998,0.375,0.0667
Brand X,30810,0.8800000000000001,0.532,8,0.8800000000000001,0.532,0.875,0.4681600000000001
Brand D,94609,0.6900000000000001,0.7999999999999999,9,0.6900000000000001,0.7999999999999999,1.0,0.552
Brand B,80435,0.0,0.9600000000000001,5,0.0,0.9600000000000001,0.5,0.0
Brand X,91126,0.7675000000000001,0.016000000000000014,8,0.7675000000000001,0.016000000000000014,0.875,0.012280000000000011
Brand D,73489,0.7050000000000001,0.9919999999999999,9,0.7050000000000001,0.9919999999999999,1.0,0.69936
Brand Y,35447,0.125,0.5279999999999999,3,0.125,0.5279999999999999,0.25,0.06599999999999999
Brand A,49510,0.9525000000000001,0.36,4,0.9525000000000001,0.36,0.375,0.34290000000000004
Brand B,32564,0.5925,0.9640000000000001,5,0.5925,0.9640000000000001,0.5,0.5711700000000001
Brand D,44038,0.38,0.21599999999999997,9,0.38,0.21599999999999997,1.0,0.08207999999999999
Brand W,53328,0.015000000000000013,0.244,1,0.015000000000000013,0.244,0.0,0.003660000000000003
Brand D,76953,0.1225,0.5159999999999999,9,0.1225,0.5159999999999999,1.0,0.06320999999999999
Brand X,89463,0.8700000000000001,0.7840000000000001,8,0.8700000000000001,0.7840000000000001,0.875,0.6820800000000002
Brand Z,87809,0.5975,0.15200000000000002,7,0.5975,0.15200000000000002,0.75,0.09082000000000003
Brand W,57805,0.5875,0.252,1,0.5875,0.252,0.0,0.14805000000000001
Brand B,75854,0.3325,0.5279999999999999,5,0.3325,0.5279999999999999,0.5,0.17556
Brand C,55884,0.32999999999999996,0.3640000000000001,6,0.32999999999999996,0.3640000000000001,0.625,0.12012000000000002
Brand Z,49339,0.235,0.7640000000000001,7,0.235,0.7640000000000001,0.75,0.17954
Brand W,36395,0.10749999999999998,0.852,1,0.10749999999999998,0.852,0.0,0.09158999999999999
Brand C,48001,0.25,0.5159999999999999,6,0.25,0.5159999999999999,0.625,0.12899999999999998
Brand Z,36804,0.22999999999999998,0.244,7,0.22999999999999998,0.244,0.75,0.056119999999999996
Brand B,52424,0.51,0.6920000000000001,5,0.51,0.6920000000000001,0.5,0.35292
Brand X,80462,0.37250000000000005,0.66,8,0.37250000000000005,0.66,0.875,0.24585000000000004
Brand Z,95518,0.95,0.30799999999999994,7,0.95,0.30799999999999994,0.75,0.2925999999999999
Brand E,30127,0.33499999999999996,0.4159999999999999,2,0.33499999999999996,0.4159999999999999,0.125,0.13935999999999996
Brand X,86059,0.275,0.1479999999999999,8,0.275,0.1479999999999999,0.875,0.04069999999999998
Brand A,70594,0.3075,0.9440000000000001,4,0.3075,0.9440000000000001,0.375,0.29028000000000004
Brand B,68456,0.0025000000000000022,0.856,5,0.0025000000000000022,0.856,0.5,0.0021400000000000017
Brand E,83196,0.78,0.4,2,0.78,0.4,0.125,0.31200000000000006
Brand X,65630,0.7875000000000001,0.128,8,0.7875000000000001,0.128,0.875,0.10080000000000001
Brand X,85173,0.9075,0.684,8,0.9075,0.684,0.875,0.62073
Brand A,67350,0.30500000000000005,0.904,4,0.30500000000000005,0.904,0.375,0.2757200000000001
Brand E,37694,0.4525,0.7840000000000001,2,0.4525,0.7840000000000001,0.125,0.3547600000000001
Brand Z,82876,0.02250000000000002,0.384,7,0.02250000000000002,0.384,0.75,0.008640000000000007
Brand E,77329,0.29500000000000004,0.404,2,0.29500000000000004,0.404,0.125,0.11918000000000002
Brand B,67405,0.395,0.908,5,0.395,0.908,0.5,0.35866000000000003
Brand Y,46727,0.3225,0.828,3,0.3225,0.828,0.25,0.26703
Brand A,65709,0.9675,0.668,4,0.9675,0.668,0.375,0.64629
Brand C,52127,0.8125,0.492,6,0.8125,0.492,0.625,0.39975
Brand A,49990,0.08500000000000002,0.9559999999999998,4,0.08500000000000002,0.9559999999999998,0.375,0.08126000000000001
Brand Z,48557,0.07250000000000001,0.7279999999999999,7,0.07250000000000001,0.7279999999999999,0.75,0.052779999999999994
Brand C,92432,0.45000000000000007,0.6880000000000001,6,0.45000000000000007,0.6880000000000001,0.625,0.3096000000000001
Brand A,30298,0.22000000000000003,0.42000000000000004,4,0.22000000000000003,0.42000000000000004,0.375,0.09240000000000002
Brand Z,70656,0.28,0.648,7,0.28,0.648,0.75,0.18144000000000002
Brand A,42575,0.26749999999999996,0.7679999999999999,4,0.26749999999999996,0.7679999999999999,0.375,0.20543999999999996
Brand Y,78638,0.185,0.4640000000000001,3,0.185,0.4640000000000001,0.25,0.08584000000000001
Brand Y,83679,0.48250000000000004,0.236,3,0.48250000000000004,0.236,0.25,0.11387
Brand D,80913,0.23249999999999998,0.7440000000000001,9,0.23249999999999998,0.7440000000000001,1.0,0.17298000000000002
Brand C,81374,0.8,0.4959999999999999,6,0.8,0.4959999999999999,0.625,0.39679999999999993
Brand Y,30144,0.8474999999999999,0.7000000000000001,3,0.8474999999999999,0.7000000000000001,0.25,0.59325
Brand C,61843,0.08500000000000002,0.2759999999999999,6,0.08500000000000002,0.2759999999999999,0.625,0.023459999999999998
Brand Z,94728,0.7675000000000001,0.492,7,0.7675000000000001,0.492,0.75,0.37761000000000006
Brand X,52181,0.017500000000000016,0.07600000000000001,8,0.017500000000000016,0.07600000000000001,0.875,0.0013300000000000013
Brand W,37735,0.8275000000000001,0.07999999999999996,1,0.8275000000000001,0.07999999999999996,0.0,0.06619999999999998
Brand B,63870,0.45999999999999996,0.872,5,0.45999999999999996,0.872,0.5,0.40112
Brand D,85158,0.5625,0.7520000000000001,9,0.5625,0.7520000000000001,1.0,0.42300000000000004
Brand Y,52276,0.9550000000000001,0.3640000000000001,3,0.9550000000000001,0.3640000000000001,0.25,0.3476200000000001
Brand X,71429,0.14,0.52,8,0.14,0.52,0.875,0.0728
Brand D,62085,0.11499999999999999,0.17200000000000004,9,0.11499999999999999,0.17200000000000004,1.0,0.019780000000000002
Brand Y,36532,0.925,0.18399999999999994,3,0.925,0.18399999999999994,0.25,0.17019999999999996
Brand D,63691,0.07,0.7599999999999999,9,0.07,0.7599999999999999,1.0,0.0532
Brand C,56492,0.595,0.2759999999999999,6,0.595,0.2759999999999999,0.625,0.16421999999999995
Brand A,60662,0.29000000000000004,0.035999999999999976,4,0.29000000000000004,0.035999999999999976,0.375,0.010439999999999994
Brand C,37834,0.63,0.3640000000000001,6,0.63,0.3640000000000001,0.625,0.22932000000000005
Brand B,38030,0.385,0.2879999999999999,5,0.385,0.2879999999999999,0.5,0.11087999999999998
Brand B,76843,0.020000000000000018,0.668,5,0.020000000000000018,0.668,0.5,0.013360000000000012
Brand A,95377,0.515,0.824,4,0.515,0.824,0.375,0.42436
Brand B,67065,0.8175000000000001,0.17999999999999994,5,0.8175000000000001,0.17999999999999994,0.5,0.14714999999999998
Brand B,86846,0.245,0.9559999999999998,5,0.245,0.9559999999999998,0.5,0.23421999999999996
Brand Y,43111,0.625,0.15200000000000002,3,0.625,0.15200000000000002,0.25,0.09500000000000001
Brand D,93903,0.36750000000000005,0.31999999999999995,9,0.36750000000000005,0.31999999999999995,1.0,0.1176
Brand Z,35045,0.65,0.12,7,0.65,0.12,0.75,0.078
Brand C,46053,0.885,0.512,6,0.885,0.512,0.625,0.45312
Brand X,84259,0.5325,0.392,8,0.5325,0.392,0.875,0.20874
Brand D,72315,0.0,0.5479999999999999,9,0.0,0.5479999999999999,1.0,0.0
Brand B,67702,0.31500000000000006,0.3640000000000001,5,0.31500000000000006,0.3640000000000001,0.5,0.11466000000000005
Brand Y,91655,0.76,0.22399999999999998,3,0.76,0.22399999999999998,0.25,0.17023999999999997
Brand A,31960,0.5275,0.023999999999999966,4,0.5275,0.023999999999999966,0.375,0.012659999999999982
Brand Z,70975,0.03750000000000003,0.488,7,0.03750000000000003,0.488,0.75,0.018300000000000014
Brand D,92444,0.5700000000000001,0.44400000000000006,9,0.5700000000000001,0.44400000000000006,1.0,0.2530800000000001
Brand W,38220,0.6025,0.9719999999999999,1,0.6025,0.9719999999999999,0.0,0.58563
Brand E,44377,0.74,0.33999999999999997,2,0.74,0.33999999999999997,0.125,0.2516
Brand B,81156,0.9875,0.42400000000000004,5,0.9875,0.42400000000000004,0.5,0.41870000000000007
Brand C,99559,0.8025,0.17600000000000005,6,0.8025,0.17600000000000005,0.625,0.14124000000000003
Brand C,83444,0.9875,0.21199999999999997,6,0.9875,0.21199999999999997,0.625,0.20934999999999998
Brand A,89269,0.8825000000000001,0.30000000000000004,4,0.8825000000000001,0.30000000000000004,0.375,0.26475000000000004
Brand Z,89069,0.28,0.023999999999999966,7,0.28,0.023999999999999966,0.75,0.006719999999999991
Brand A,59260,0.375,0.604,4,0.375,0.604,0.375,0.22649999999999998
Brand D,81760,0.10999999999999999,0.09999999999999998,9,0.10999999999999999,0.09999999999999998,1.0,0.010999999999999996
Brand Y,93462,0.6725,0.348,3,0.6725,0.348,0.25,0.23403
Brand D,82156,0.27249999999999996,0.512,9,0.27249999999999996,0.512,1.0,0.13951999999999998
Brand A,93983,0.027500000000000024,0.05199999999999999,4,0.027500000000000024,0.05199999999999999,0.375,0.001430000000000001
Brand B,84257,0.9875,0.616,5,0.9875,0.616,0.5,0.6083000000000001
Brand W,40489,0.48250000000000004,0.9719999999999999,1,0.48250000000000004,0.9719999999999999,0.0,0.46898999999999996
Brand W,43049,0.925,0.5479999999999999,1,0.925,0.5479999999999999,0.0,0.5068999999999999
Brand W,64837,0.15000000000000002,0.244,1,0.15000000000000002,0.244,0.0,0.03660000000000001
Brand Y,72900,0.2425,0.7320000000000001,3,0.2425,0.7320000000000001,0.25,0.17751000000000003
Brand D,71112,0.8800000000000001,0.17999999999999994,9,0.8800000000000001,0.17999999999999994,1.0,0.15839999999999996
Brand Z,91222,0.4225,0.596,7,0.4225,0.596,0.75,0.25181
Brand B,75851,0.012500000000000011,0.10399999999999998,5,0.012500000000000011,0.10399999999999998,0.5,0.001300000000000001
Brand D,93299,0.375,0.5479999999999999,9,0.375,0.5479999999999999,1.0,0.20549999999999996
Brand W,78170,0.04249999999999998,0.64,1,0.04249999999999998,0.64,0.0,0.027199999999999988
Brand W,60839,0.5425,0.5159999999999999,1,0.5425,0.5159999999999999,0.0,0.27992999999999996
Brand Y,80598,0.42500000000000004,0.30400000000000005,3,0.42500000000000004,0.30400000000000005,0.25,0.12920000000000004
Brand W,39298,0.375,0.66,1,0.375,0.66,0.0,0.2475
Brand W,88544,0.29500000000000004,0.05199999999999999,1,0.29500000000000004,0.05199999999999999,0.0,0.01534
Brand B,49949,0.485,0.21199999999999997,5,0.485,0.21199999999999997,0.5,0.10281999999999998
Brand Z,90729,0.8500000000000001,0.26,7,0.8500000000000001,0.26,0.75,0.22100000000000003
Brand X,34434,0.675,0.03999999999999998,8,0.675,0.03999999999999998,0.875,0.02699999999999999
Brand Y,98692,0.30000000000000004,0.5479999999999999,3,0.30000000000000004,0.5479999999999999,0.25,0.1644
Brand W,89564,0.4475,0.14,1,0.4475,0.14,0.0,0.06265000000000001
Brand W,60835,0.6875,0.7000000000000001,1,0.6875,0.7000000000000001,0.0,0.48125000000000007
Brand X,42728,0.4175,0.16799999999999993,8,0.4175,0.16799999999999993,0.875,0.07013999999999997
Brand Y,66507,0.20750000000000002,0.3640000000000001,3,0.20750000000000002,0.3640000000000001,0.25,0.07553000000000003
Brand D,92335,0.20750000000000002,0.4,9,0.20750000000000002,0.4,1.0,0.08300000000000002
Brand Y,65183,0.1325,0.9840000000000001,3,0.1325,0.9840000000000001,0.25,0.13038000000000002
Brand C,63535,0.5625,0.54,6,0.5625,0.54,0.625,0.30375
Brand B,80933,0.5025000000000001,0.1479999999999999,5,0.5025000000000001,0.1479999999999999,0.5,0.07436999999999996
Brand B,87792,0.2925,0.21599999999999997,5,0.2925,0.21599999999999997,0.5,0.06317999999999999
Brand B,48979,0.73,0.7000000000000001,5,0.73,0.7000000000000001,0.5,0.511
Brand Y,88251,0.7050000000000001,0.30799999999999994,3,0.7050000000000001,0.30799999999999994,0.25,0.21713999999999997
Brand W,61289,0.36250000000000004,0.652,1,0.36250000000000004,0.652,0.0,0.23635000000000003
Brand Z,35529,0.24,0.035999999999999976,7,0.24,0.035999999999999976,0.75,0.008639999999999993
Brand A,66096,0.35750000000000004,0.33999999999999997,4,0.35750000000000004,0.33999999999999997,0.375,0.12155
Brand Y,67530,0.22250000000000003,0.45999999999999996,3,0.22250000000000003,0.45999999999999996,0.25,0.10235000000000001
Brand A,89310,0.05499999999999999,0.264,4,0.05499999999999999,0.264,0.375,0.014519999999999998
Brand W,40447,0.44000000000000006,0.596,1,0.44000000000000006,0.596,0.0,0.26224000000000003
Brand W,97359,0.6125,0.43200000000000005,1,0.6125,0.43200000000000005,0.0,0.26460000000000006
Brand W,34359,0.7000000000000001,0.916,1,0.7000000000000001,0.916,0.0,0.6412000000000001
Brand Z,99192,0.6925,0.21599999999999997,7,0.6925,0.21599999999999997,0.75,0.14958
Brand B,90043,0.7925,0.02799999999999997,5,0.7925,0.02799999999999997,0.5,0.022189999999999974
Brand C,64680,0.885,0.872,6,0.885,0.872,0.625,0.77172
Brand W,75148,0.09000000000000002,0.20799999999999996,1,0.09000000000000002,0.20799999999999996,0.0,0.01872
Brand B,87547,0.77,0.4079999999999999,5,0.77,0.4079999999999999,0.5,0.31415999999999994
Brand E,31172,0.8,0.3320000000000001,2,0.8,0.3320000000000001,0.125,0.26560000000000006
Brand C,95707,0.8500000000000001,0.7479999999999999,6,0.8500000000000001,0.7479999999999999,0.625,0.6357999999999999
Brand W,94843,0.5725,0.6920000000000001,1,0.5725,0.6920000000000001,0.0,0.39617
Brand X,97060,0.36250000000000004,0.544,8,0.36250000000000004,0.544,0.875,0.19720000000000004
Brand A,75199,0.5025000000000001,0.604,4,0.5025000000000001,0.604,0.375,0.30351
Brand X,76366,0.45000000000000007,0.11199999999999999,8,0.45000000000000007,0.11199999999999999,0.875,0.0504
Brand B,67976,0.9199999999999999,0.17200000000000004,5,0.9199999999999999,0.17200000000000004,0.5,0.15824000000000002
Brand E,34488,0.1825,0.03999999999999998,2,0.1825,0.03999999999999998,0.125,0.007299999999999997
Brand Z,64404,0.6125,0.508,7,0.6125,0.508,0.75,0.31115000000000004
Brand B,42200,0.5025000000000001,0.9800000000000001,5,0.5025000000000001,0.9800000000000001,0.5,0.4924500000000001
Brand X,79799,0.8574999999999999,0.864,8,0.8574999999999999,0.864,0.875,0.74088
Brand D,69195,0.8674999999999999,0.38,9,0.8674999999999999,0.38,1.0,0.32965
Brand Y,92810,0.45000000000000007,0.10399999999999998,3,0.45000000000000007,0.10399999999999998,0.25,0.0468
Brand C,81978,0.8075000000000001,0.9959999999999999,6,0.8075000000000001,0.9959999999999999,0.625,0.80427
Brand C,88385,0.47250000000000003,0.672,6,0.47250000000000003,0.672,0.625,0.31752
Brand E,75100,0.9299999999999999,0.936,2,0.9299999999999999,0.936,0.125,0.87048
Brand Y,67037,0.7025,0.7520000000000001,3,0.7025,0.7520000000000001,0.25,0.5282800000000001
Brand A,82777,0.6375000000000001,0.22799999999999998,4,0.6375000000000001,0.22799999999999998,0.375,0.14535
Brand Z,43083,0.98,0.21599999999999997,7,0.98,0.21599999999999997,0.75,0.21167999999999998
Brand B,68453,0.4225,0.7159999999999999,5,0.4225,0.7159999999999999,0.5,0.30250999999999995
Brand W,97086,0.28,0.7320000000000001,1,0.28,0.7320000000000001,0.0,0.20496000000000006
Brand E,72710,0.7875000000000001,0.272,2,0.7875000000000001,0.272,0.125,0.21420000000000003
Brand D,44418,0.03500000000000003,0.124,9,0.03500000000000003,0.124,1.0,0.004340000000000004
Brand E,65011,0.6625,0.32400000000000007,2,0.6625,0.32400000000000007,0.125,0.21465000000000004
Brand X,35728,0.275,0.007999999999999952,8,0.275,0.007999999999999952,0.875,0.0021999999999999867
Brand A,97112,0.04999999999999999,0.7520000000000001,4,0.04999999999999999,0.7520000000000001,0.375,0.037599999999999995
Brand A,30966,0.9000000000000001,0.19599999999999995,4,0.9000000000000001,0.19599999999999995,0.375,0.17639999999999997
Brand D,69120,0.72,0.5479999999999999,9,0.72,0.5479999999999999,1.0,0.3945599999999999
Brand W,78356,0.5800000000000001,0.124,1,0.5800000000000001,0.124,0.0,0.07192000000000001
Brand Z,89383,0.645,0.852,7,0.645,0.852,0.75,0.54954
Brand Y,85126,0.6275000000000001,0.3440000000000001,3,0.6275000000000001,0.3440000000000001,0.25,0.21586000000000008
Brand W,68061,0.505,0.848,1,0.505,0.848,0.0,0.42824
Brand A,98658,0.3225,0.82,4,0.3225,0.82,0.375,0.26445
Brand C,78253,0.4575,0.128,6,0.4575,0.128,0.625,0.05856
Brand E,57433,0.21000000000000002,0.24,2,0.21000000000000002,0.24,0.125,0.0504
Brand A,36356,0.63,0.7959999999999999,4,0.63,0.7959999999999999,0.375,0.5014799999999999
Brand E,47997,0.22000000000000003,0.45599999999999996,2,0.22000000000000003,0.45599999999999996,0.125,0.10032
Brand X,39385,0.14500000000000002,0.588,8,0.14500000000000002,0.588,0.875,0.08526
Brand Z,72502,0.7675000000000001,0.18399999999999994,7,0.7675000000000001,0.18399999999999994,0.75,0.14121999999999996
Brand Z,97285,0.8325,0.9400000000000001,7,0.8325,0.9400000000000001,0.75,0.7825500000000001
Brand C,81601,0.9650000000000001,0.43999999999999995,6,0.9650000000000001,0.43999999999999995,0.625,0.4246
Brand A,54311,0.7625,0.03999999999999998,4,0.7625,0.03999999999999998,0.375,0.030499999999999982
Brand Y,86281,0.35,0.624,3,0.35,0.624,0.25,0.21839999999999998
Brand B,32181,0.185,0.248,5,0.185,0.248,0.5,0.04588
Brand W,80820,0.22750000000000004,0.9759999999999999,1,0.22750000000000004,0.9759999999999999,0.0,0.22204000000000002
Brand E,88923,0.45499999999999996,0.628,2,0.45499999999999996,0.628,0.125,0.28574
Brand E,54287,0.915,0.864,2,0.915,0.864,0.125,0.79056
Brand X,53305,0.5800000000000001,0.7520000000000001,8,0.5800000000000001,0.7520000000000001,0.875,0.4361600000000001
Brand E,70316,0.75,0.568,2,0.75,0.568,0.125,0.42599999999999993
Brand X,79932,0.96,0.896,8,0.96,0.896,0.875,0.86016
Brand B,36721,0.35750000000000004,0.30000000000000004,5,0.35750000000000004,0.30000000000000004,0.5,0.10725000000000003
Brand A,70291,0.5325,0.7479999999999999,4,0.5325,0.7479999999999999,0.375,0.39830999999999994
Brand Y,51648,0.6525,0.21999999999999997,3,0.6525,0.21999999999999997,0.25,0.14354999999999998
Brand B,40322,0.8674999999999999,0.82,5,0.8674999999999999,0.82,0.5,0.7113499999999999
Brand B,97085,0.47750000000000004,0.20399999999999996,5,0.47750000000000004,0.20399999999999996,0.5,0.09740999999999998
Brand E,71480,0.09500000000000003,0.904,2,0.09500000000000003,0.904,0.125,0.08588000000000003
Brand Z,84560,0.35,0.07999999999999996,7,0.35,0.07999999999999996,0.75,0.027999999999999983
Brand D,99756,0.020000000000000018,0.832,9,0.020000000000000018,0.832,1.0,0.016640000000000012
Brand D,30449,0.1825,0.36,9,0.1825,0.36,1.0,0.0657
Brand W,41717,0.41000000000000003,0.30400000000000005,1,0.41000000000000003,0.30400000000000005,0.0,0.12464000000000003
Brand D,85108,0.007500000000000007,0.38,9,0.007500000000000007,0.38,1.0,0.0028500000000000027
Brand A,65734,0.03750000000000003,0.844,4,0.03750000000000003,0.844,0.375,0.031650000000000025
Brand D,31972,0.4675,0.7159999999999999,9,0.4675,0.7159999999999999,1.0,0.33472999999999997
Brand E,59327,0.9125000000000001,0.09200000000000003,2,0.9125000000000001,0.09200000000000003,0.125,0.08395000000000004
Brand C,79904,0.8800000000000001,0.6920000000000001,6,0.8800000000000001,0.6920000000000001,0.625,0.6089600000000002
Brand B,89342,0.365,0.568,5,0.365,0.568,0.5,0.20731999999999998
Brand B,78900,0.5375,0.7640000000000001,5,0.5375,0.7640000000000001,0.5,0.41065000000000007
Brand W,69039,0.35,0.9719999999999999,1,0.35,0.9719999999999999,0.0,0.34019999999999995
Brand Y,37459,0.3325,0.4640000000000001,3,0.3325,0.4640000000000001,0.25,0.15428000000000003
Brand Z,70262,0.8025,0.908,7,0.8025,0.908,0.75,0.72867
Brand X,96710,0.33499999999999996,0.10799999999999998,8,0.33499999999999996,0.10799999999999998,0.875,0.03617999999999999
Brand B,34371,0.62,0.09200000000000003,5,0.62,0.09200000000000003,0.5,0.057040000000000014
Brand W,73970,0.825,0.488,1,0.825,0.488,0.0,0.40259999999999996
Brand A,64160,0.4525,0.09999999999999998,4,0.4525,0.09999999999999998,0.375,0.04524999999999999
Brand W,82435,0.5725,0.856,1,0.5725,0.856,0.0,0.49006
Brand X,79441,0.55,0.9680000000000001,8,0.55,0.9680000000000001,0.875,0.5324000000000001
Brand C,55354,0.12,0.7400000000000001,6,0.12,0.7400000000000001,0.625,0.0888
Brand Y,94471,0.7175,0.8119999999999999,3,0.7175,0.8119999999999999,0.25,0.58261
Brand A,31787,0.8925000000000001,0.868,4,0.8925000000000001,0.868,0.375,0.7746900000000001
Brand C,96356,0.97,0.832,6,0.97,0.832,0.625,0.80704
Brand D,58965,0.8600000000000001,0.7200000000000001,9,0.8600000000000001,0.7200000000000001,1.0,0.6192000000000002
Brand Y,63871,0.595,0.7000000000000001,3,0.595,0.7000000000000001,0.25,0.41650000000000004
Brand B,74234,0.6075,0.30799999999999994,5,0.6075,0.30799999999999994,0.5,0.18710999999999997
Brand E,97545,0.98,0.88,2,0.98,0.88,0.125,0.8623999999999999
Brand A,57753,0.0,0.52,4,0.0,0.52,0.375,0.0
Brand B,37127,0.35750000000000004,0.32400000000000007,5,0.35750000000000004,0.32400000000000007,0.5,0.11583000000000003
Brand A,40818,0.73,0.124,4,0.73,0.124,0.375,0.09052
Brand W,50428,0.195,0.628,1,0.195,0.628,0.0,0.12246
Brand W,48699,0.7225,0.888,1,0.7225,0.888,0.0,0.64158
Brand W,60822,0.30500000000000005,0.492,1,0.30500000000000005,0.492,0.0,0.15006000000000003
Brand Z,93744,0.9275,0.03200000000000003,7,0.9275,0.03200000000000003,0.75,0.029680000000000026
Brand E,72794,0.5725,0.44799999999999995,2,0.5725,0.44799999999999995,0.125,0.25648
Brand Z,70469,0.4175,0.09999999999999998,7,0.4175,0.09999999999999998,0.75,0.04174999999999999
Brand W,47494,0.1325,0.852,1,0.1325,0.852,0.0,0.11289
Brand B,77727,0.7275,0.868,5,0.7275,0.868,0.5,0.63147
Brand B,32011,0.4225,0.7000000000000001,5,0.4225,0.7000000000000001,0.5,0.29575
Brand E,53076,0.5975,0.43999999999999995,2,0.5975,0.43999999999999995,0.125,0.26289999999999997
Brand E,57137,0.185,0.652,2,0.185,0.652,0.125,0.12062
Brand X,79919,0.9924999999999999,0.5479999999999999,8,0.9924999999999999,0.5479999999999999,0.875,0.5438899999999999
Brand A,59765,0.6225,0.023999999999999966,4,0.6225,0.023999999999999966,0.375,0.01493999999999998
Brand Z,82327,0.9000000000000001,0.868,7,0.9000000000000001,0.868,0.75,0.7812000000000001
Brand Y,32428,0.10000000000000003,0.32400000000000007,3,0.10000000000000003,0.32400000000000007,0.25,0.03240000000000002
Brand Z,95232,0.8900000000000001,0.388,7,0.8900000000000001,0.388,0.75,0.34532000000000007
Brand Z,99221,0.5,0.544,7,0.5,0.544,0.75,0.272
Brand B,60567,0.71,0.5640000000000001,5,0.71,0.5640000000000001,0.5,0.40044
Brand Z,95262,0.6925,0.128,7,0.6925,0.128,0.75,0.08864
Brand C,77543,0.08750000000000002,0.124,6,0.08750000000000002,0.124,0.625,0.010850000000000002
Brand B,70897,0.10999999999999999,0.43200000000000005,5,0.10999999999999999,0.43200000000000005,0.5,0.04752
Brand D,97339,0.30500000000000005,0.28400000000000003,9,0.30500000000000005,0.28400000000000003,1.0,0.08662000000000002
Brand Z,33000,0.835,0.4079999999999999,7,0.835,0.4079999999999999,0.75,0.3406799999999999
Brand Z,57792,0.6375000000000001,0.9680000000000001,7,0.6375000000000001,0.9680000000000001,0.75,0.6171000000000001
Brand E,32552,0.6875,0.26,2,0.6875,0.26,0.125,0.17875000000000002
Brand A,84781,0.07250000000000001,0.9919999999999999,4,0.07250000000000001,0.9919999999999999,0.375,0.07192
Brand A,81315,0.04999999999999999,0.16000000000000003,4,0.04999999999999999,0.16000000000000003,0.375,0.008
Brand X,39545,0.012500000000000011,0.88,8,0.012500000000000011,0.88,0.875,0.01100000000000001
Brand Z,33802,0.41500000000000004,0.12,7,0.41500000000000004,0.12,0.75,0.049800000000000004
Brand A,34077,0.835,0.856,4,0.835,0.856,0.375,0.71476
Brand Y,43168,0.06,0.32400000000000007,3,0.06,0.32400000000000007,0.25,0.019440000000000002
Brand Z,63558,0.0625,0.016000000000000014,7,0.0625,0.016000000000000014,0.75,0.0010000000000000009
Brand C,94960,0.007500000000000007,0.9719999999999999,6,0.007500000000000007,0.9719999999999999,0.625,0.007290000000000006
Brand B,99784,0.4,0.7919999999999999,5,0.4,0.7919999999999999,0.5,0.31679999999999997
Brand A,81706,0.0675,0.128,4,0.0675,0.128,0.375,0.00864
Brand X,75873,0.65,0.616,8,0.65,0.616,0.875,0.40040000000000003
Brand W,64001,0.9775,0.26,1,0.9775,0.26,0.0,0.25415000000000004
Brand B,32452,0.8775,0.4640000000000001,5,0.8775,0.4640000000000001,0.5,0.40716
Brand Y,75204,0.4375,0.15200000000000002,3,0.4375,0.15200000000000002,0.25,0.0665
Brand Z,88487,0.8574999999999999,0.7320000000000001,7,0.8574999999999999,0.7320000000000001,0.75,0.6276900000000001
Brand B,41943,0.12,0.36,5,0.12,0.36,0.5,0.043199999999999995
Brand X,42452,0.16999999999999998,0.24,8,0.16999999999999998,0.24,0.875,0.040799999999999996
Brand Z,35922,0.44500000000000006,0.884,7,0.44500000000000006,0.884,0.75,0.39338000000000006
Brand W,90640,0.4575,0.476,1,0.4575,0.476,0.0,0.21777
Brand Z,86360,0.47,0.17600000000000005,7,0.47,0.17600000000000005,0.75,0.08272000000000002
Brand D,41152,0.595,0.9319999999999998,9,0.595,0.9319999999999998,1.0,0.5545399999999999
Brand A,55236,0.51,0.92,4,0.51,0.92,0.375,0.4692
Brand W,69453,0.8674999999999999,0.5359999999999999,1,0.8674999999999999,0.5359999999999999,0.0,0.4649799999999999
Brand B,66891,0.9275,0.5,5,0.9275,0.5,0.5,0.46375
Brand B,35648,0.11249999999999999,0.7159999999999999,5,0.11249999999999999,0.7159999999999999,0.5,0.08054999999999998
Brand E,36964,0.05499999999999999,0.42000000000000004,2,0.05499999999999999,0.42000000000000004,0.125,0.0231
Brand Y,86957,0.61,0.28,3,0.61,0.28,0.25,0.1708
Brand E,84514,0.7875000000000001,0.33599999999999997,2,0.7875000000000001,0.33599999999999997,0.125,0.2646
Brand B,44723,0.9075,0.31999999999999995,5,0.9075,0.31999999999999995,0.5,0.29039999999999994
Brand E,50497,0.9099999999999999,0.31200000000000006,2,0.9099999999999999,0.31200000000000006,0.125,0.28392
Brand E,73522,0.7025,0.7799999999999999,2,0.7025,0.7799999999999999,0.125,0.5479499999999999
Brand A,32849,0.7849999999999999,0.30000000000000004,4,0.7849999999999999,0.30000000000000004,0.375,0.23550000000000001
Brand D,36967,0.1925,0.26,9,0.1925,0.26,1.0,0.050050000000000004
Brand C,30521,0.02250000000000002,0.7240000000000001,6,0.02250000000000002,0.7240000000000001,0.625,0.016290000000000016
Brand A,55213,0.13,0.42799999999999994,4,0.13,0.42799999999999994,0.375,0.055639999999999995
Brand E,60306,0.845,0.532,2,0.845,0.532,0.125,0.44954
Brand E,60721,0.81,0.32400000000000007,2,0.81,0.32400000000000007,0.125,0.26244000000000006
Brand X,67258,0.6925,0.3640000000000001,8,0.6925,0.3640000000000001,0.875,0.25207000000000007
Brand X,93568,0.6950000000000001,0.07600000000000001,8,0.6950000000000001,0.07600000000000001,0.875,0.05282000000000001
Brand B,76266,0.33499999999999996,0.58,5,0.33499999999999996,0.58,0.5,0.19429999999999997
Brand C,89502,0.67,0.45999999999999996,6,0.67,0.45999999999999996,0.625,0.3082
Brand Z,70955,0.685,0.08799999999999997,7,0.685,0.08799999999999997,0.75,0.06027999999999998
Brand Y,54742,0.8800000000000001,0.7320000000000001,3,0.8800000000000001,0.7320000000000001,0.25,0.6441600000000002
Brand B,32101,0.22000000000000003,0.21999999999999997,5,0.22000000000000003,0.21999999999999997,0.5,0.0484
Brand W,47254,0.36750000000000005,0.356,1,0.36750000000000005,0.356,0.0,0.13083
Brand B,47564,0.8375000000000001,0.384,5,0.8375000000000001,0.384,0.5,0.32160000000000005
Brand A,67689,0.7875000000000001,0.828,4,0.7875000000000001,0.828,0.375,0.65205
Brand A,39724,0.04249999999999998,0.9919999999999999,4,0.04249999999999998,0.9919999999999999,0.375,0.042159999999999975
Brand Z,46365,0.9225000000000001,0.9519999999999998,7,0.9225000000000001,0.9519999999999998,0.75,0.87822
Brand W,45498,0.5925,0.46799999999999997,1,0.5925,0.46799999999999997,0.0,0.27729
Brand B,73511,0.030000000000000027,0.6880000000000001,5,0.030000000000000027,0.6880000000000001,0.5,0.02064000000000002
Brand C,78036,0.6825,0.5279999999999999,6,0.6825,0.5279999999999999,0.625,0.36035999999999996
Brand A,40401,0.6125,0.07999999999999996,4,0.6125,0.07999999999999996,0.375,0.04899999999999998
Brand Y,43096,0.2825,0.5479999999999999,3,0.2825,0.5479999999999999,0.25,0.15480999999999998
Brand D,87749,0.51,0.07200000000000001,9,0.51,0.07200000000000001,1.0,0.03672
Brand B,36847,0.15500000000000003,0.45999999999999996,5,0.15500000000000003,0.45999999999999996,0.5,0.0713
Brand D,37290,0.09750000000000003,0.18799999999999994,9,0.09750000000000003,0.18799999999999994,1.0,0.01833
Brand D,93406,0.027500000000000024,0.4,9,0.027500000000000024,0.4,1.0,0.01100000000000001
Brand B,43550,0.475,0.30799999999999994,5,0.475,0.30799999999999994,0.5,0.14629999999999996
Brand E,72225,0.5075000000000001,0.7200000000000001,2,0.5075000000000001,0.7200000000000001,0.125,0.3654000000000001
Brand Y,54882,0.39,0.7240000000000001,3,0.39,0.7240000000000001,0.25,0.28236000000000006
Brand Y,73743,0.6775,0.904,3,0.6775,0.904,0.25,0.61246
Brand Y,67346,0.6275000000000001,0.828,3,0.6275000000000001,0.828,0.25,0.51957
Brand W,45059,0.6525,0.9880000000000001,1,0.6525,0.9880000000000001,0.0,0.6446700000000001
Brand Z,77769,0.5575,0.864,7,0.5575,0.864,0.75,0.48168
Brand A,92917,0.4475,0.29599999999999993,4,0.4475,0.29599999999999993,0.375,0.13245999999999997
Brand X,72180,0.6725,0.016000000000000014,8,0.6725,0.016000000000000014,0.875,0.01076000000000001
Brand C,41089,0.45000000000000007,0.852,6,0.45000000000000007,0.852,0.625,0.3834000000000001
Brand Y,50222,0.7050000000000001,0.612,3,0.7050000000000001,0.612,0.25,0.43146
Brand Y,83993,0.735,0.816,3,0.735,0.816,0.25,0.59976
Brand E,97430,0.15750000000000003,0.31999999999999995,2,0.15750000000000003,0.31999999999999995,0.125,0.0504
Brand E,46556,0.057499999999999996,0.06799999999999995,2,0.057499999999999996,0.06799999999999995,0.125,0.003909999999999997
Brand Z,80546,0.67,0.5920000000000001,7,0.67,0.5920000000000001,0.75,0.3966400000000001
Brand X,78517,0.1825,0.596,8,0.1825,0.596,0.875,0.10876999999999999
Brand Y,78960,0.4175,0.664,3,0.4175,0.664,0.25,0.27722
Brand W,67976,0.6775,0.7440000000000001,1,0.6775,0.7440000000000001,0.0,0.5040600000000001
Brand X,53211,0.9675,0.9640000000000001,8,0.9675,0.9640000000000001,0.875,0.9326700000000001
Brand W,67290,0.835,0.5159999999999999,1,0.835,0.5159999999999999,0.0,0.4308599999999999
Brand D,48151,0.8674999999999999,0.7919999999999999,9,0.8674999999999999,0.7919999999999999,1.0,0.6870599999999999
Brand D,85223,0.9199999999999999,0.7479999999999999,9,0.9199999999999999,0.7479999999999999,1.0,0.6881599999999999
Brand D,52307,0.22999999999999998,0.404,9,0.22999999999999998,0.404,1.0,0.09292
Brand Z,85787,0.09250000000000003,0.532,7,0.09250000000000003,0.532,0.75,0.04921000000000002
Brand X,54287,0.725,0.616,8,0.725,0.616,0.875,0.4466
Brand D,89732,0.4375,0.23199999999999998,9,0.4375,0.23199999999999998,1.0,0.10149999999999999
Brand A,90325,0.8225,0.30400000000000005,4,0.8225,0.30400000000000005,0.375,0.25004000000000004
Brand C,74855,0.5925,0.896,6,0.5925,0.896,0.625,0.53088
Brand A,30090,0.8375000000000001,0.15200000000000002,4,0.8375000000000001,0.15200000000000002,0.375,0.12730000000000005
Brand Y,64981,0.27749999999999997,0.7279999999999999,3,0.27749999999999997,0.7279999999999999,0.25,0.20201999999999995
Brand C,63824,0.4375,0.492,6,0.4375,0.492,0.625,0.21525
Brand A,44971,0.52,0.04799999999999993,4,0.52,0.04799999999999993,0.375,0.024959999999999965
Brand E,62571,0.7675000000000001,0.6959999999999998,2,0.7675000000000001,0.6959999999999998,0.125,0.5341799999999999
Brand B,59983,0.6950000000000001,0.612,5,0.6950000000000001,0.612,0.5,0.42534000000000005
Brand D,68762,0.07,0.45999999999999996,9,0.07,0.45999999999999996,1.0,0.0322
Brand X,60641,0.1175,0.392,8,0.1175,0.392,0.875,0.04606
Brand W,40972,0.3225,0.58,1,0.3225,0.58,0.0,0.18705
Brand E,69580,0.9425000000000001,0.2879999999999999,2,0.9425000000000001,0.2879999999999999,0.125,0.27143999999999996
Brand X,41523,0.21750000000000003,0.31599999999999995,8,0.21750000000000003,0.31599999999999995,0.875,0.06873
Brand X,30347,0.10499999999999998,0.3959999999999999,8,0.10499999999999998,0.3959999999999999,0.875,0.041579999999999985
Brand Z,57295,0.9000000000000001,0.09600000000000003,7,0.9000000000000001,0.09600000000000003,0.75,0.08640000000000005
Brand C,80857,0.49250000000000005,0.007999999999999952,6,0.49250000000000005,0.007999999999999952,0.625,0.0039399999999999765
Brand W,58462,0.16250000000000003,0.248,1,0.16250000000000003,0.248,0.0,0.04030000000000001
Brand Y,68859,0.25250000000000006,0.7080000000000001,3,0.25250000000000006,0.7080000000000001,0.25,0.17877000000000007
Brand Y,34915,0.3025,0.86,3,0.3025,0.86,0.25,0.26015
Brand E,58242,0.9750000000000001,0.84,2,0.9750000000000001,0.84,0.125,0.8190000000000001
Brand C,44731,0.9175,0.5720000000000001,6,0.9175,0.5720000000000001,0.625,0.52481
Brand A,66182,0.8375000000000001,0.904,4,0.8375000000000001,0.904,0.375,0.7571000000000001
Brand C,44513,0.6175,0.7799999999999999,6,0.6175,0.7799999999999999,0.625,0.48164999999999997
Brand W,50482,0.345,0.7720000000000001,1,0.345,0.7720000000000001,0.0,0.26634
Brand B,32252,0.22999999999999998,0.07999999999999996,5,0.22999999999999998,0.07999999999999996,0.5,0.01839999999999999
Brand E,51441,0.9450000000000001,0.636,2,0.9450000000000001,0.636,0.125,0.60102
Brand Z,98312,0.6325000000000001,0.632,7,0.6325000000000001,0.632,0.75,0.39974000000000004
Brand D,58418,0.5475,0.9640000000000001,9,0.5475,0.9640000000000001,1.0,0.52779
Brand B,63887,0.39249999999999996,0.404,5,0.39249999999999996,0.404,0.5,0.15857
Brand Y,66058,0.8674999999999999,0.9680000000000001,3,0.8674999999999999,0.9680000000000001,0.25,0.83974
Brand C,56175,0.4325,0.31599999999999995,6,0.4325,0.31599999999999995,0.625,0.13666999999999999
Brand B,64364,0.37,0.644,5,0.37,0.644,0.5,0.23828
Brand E,98484,0.04999999999999999,0.552,2,0.04999999999999999,0.552,0.125,0.027599999999999996
Brand Z,85805,0.7425,0.3320000000000001,7,0.7425,0.3320000000000001,0.75,0.24651000000000006
Brand W,77263,0.9375,0.38,1,0.9375,0.38,0.0,0.35625
Brand E,75082,0.4625,0.32400000000000007,2,0.4625,0.32400000000000007,0.125,0.14985000000000004
Brand D,74876,0.9450000000000001,0.10399999999999998,9,0.9450000000000001,0.10399999999999998,1.0,0.09827999999999999
Brand Y,91043,0.39249999999999996,0.504,3,0.39249999999999996,0.504,0.25,0.19781999999999997
Brand X,89001,0.9750000000000001,0.2759999999999999,8,0.9750000000000001,0.2759999999999999,0.875,0.26909999999999995
Brand E,95169,0.37250000000000005,0.404,2,0.37250000000000005,0.404,0.125,0.15049000000000004
Brand X,48320,0.32000000000000006,0.632,8,0.32000000000000006,0.632,0.875,0.20224000000000003
Brand Z,47777,0.39,0.30400000000000005,7,0.39,0.30400000000000005,0.75,0.11856000000000003
Brand D,80496,0.9775,0.14,9,0.9775,0.14,1.0,0.13685000000000003
Brand B,79038,0.02250000000000002,0.16799999999999993,5,0.02250000000000002,0.16799999999999993,0.5,0.0037800000000000017
Brand B,79321,0.8825000000000001,0.544,5,0.8825000000000001,0.544,0.5,0.48008000000000006
Brand B,70254,0.1725,0.16000000000000003,5,0.1725,0.16000000000000003,0.5,0.027600000000000003
Brand X,30645,0.21750000000000003,0.01200000000000001,8,0.21750000000000003,0.01200000000000001,0.875,0.0026100000000000025
Brand Z,51975,0.8425,0.46799999999999997,7,0.8425,0.46799999999999997,0.75,0.39429
Brand Y,59000,0.8875,0.588,3,0.8875,0.588,0.25,0.5218499999999999
Brand C,87654,0.6225,0.68,6,0.6225,0.68,0.625,0.42330000000000007
Brand B,57574,0.45000000000000007,0.31200000000000006,5,0.45000000000000007,0.31200000000000006,0.5,0.14040000000000005
Brand C,44024,0.47,0.864,6,0.47,0.864,0.625,0.40608
Brand X,62101,0.057499999999999996,0.2559999999999999,8,0.057499999999999996,0.2559999999999999,0.875,0.014719999999999994
Brand X,79049,0.75,0.7279999999999999,8,0.75,0.7279999999999999,0.875,0.5459999999999999
Brand B,87963,0.8574999999999999,0.352,5,0.8574999999999999,0.352,0.5,0.30183999999999994
Brand B,38513,0.525,0.43999999999999995,5,0.525,0.43999999999999995,0.5,0.23099999999999998
Brand D,44279,0.11499999999999999,0.15200000000000002,9,0.11499999999999999,0.15200000000000002,1.0,0.017480000000000002
Brand B,77293,0.46499999999999997,0.504,5,0.46499999999999997,0.504,0.5,0.23435999999999998
Brand Y,76414,0.2825,0.26,3,0.2825,0.26,0.25,0.07345
Brand A,54273,0.9575,0.29200000000000004,4,0.9575,0.29200000000000004,0.375,0.27959000000000006
Brand Z,51524,0.125,0.23199999999999998,7,0.125,0.23199999999999998,0.75,0.028999999999999998
Brand X,49493,0.405,0.868,8,0.405,0.868,0.875,0.35154
Brand E,48347,0.5325,0.035999999999999976,2,0.5325,0.035999999999999976,0.125,0.019169999999999986
Brand A,52987,0.7475,0.4079999999999999,4,0.7475,0.4079999999999999,0.375,0.30498
Brand Z,62644,0.7675000000000001,0.06399999999999995,7,0.7675000000000001,0.06399999999999995,0.75,0.04911999999999996
Brand W,74030,0.16500000000000004,0.7479999999999999,1,0.16500000000000004,0.7479999999999999,0.0,0.12342
Brand W,40760,0.48,0.684,1,0.48,0.684,0.0,0.32832
Brand E,55029,0.16500000000000004,0.264,2,0.16500000000000004,0.264,0.125,0.04356000000000001
Brand Z,34327,0.8600000000000001,0.684,7,0.8600000000000001,0.684,0.75,0.5882400000000001
Brand Z,49598,0.855,0.5559999999999999,7,0.855,0.5559999999999999,0.75,0.4753799999999999
Brand B,74319,0.22250000000000003,0.648,5,0.22250000000000003,0.648,0.5,0.14418000000000003
Brand B,40826,0.9125000000000001,0.3640000000000001,5,0.9125000000000001,0.3640000000000001,0.5,0.3321500000000001
Brand Y,66794,0.895,0.52,3,0.895,0.52,0.25,0.46540000000000004
Brand W,86276,0.21750000000000003,0.44400000000000006,1,0.21750000000000003,0.44400000000000006,0.0,0.09657000000000003
Brand X,89180,0.14250000000000002,0.14400000000000002,8,0.14250000000000002,0.14400000000000002,0.875,0.020520000000000004
Brand A,54715,0.015000000000000013,0.684,4,0.015000000000000013,0.684,0.375,0.01026000000000001
Brand X,80491,0.46499999999999997,0.7879999999999999,8,0.46499999999999997,0.7879999999999999,0.875,0.3664199999999999
Brand X,84485,0.15000000000000002,0.9119999999999998,8,0.15000000000000002,0.9119999999999998,0.875,0.1368
Brand D,88371,0.08250000000000002,0.6,9,0.08250000000000002,0.6,1.0,0.04950000000000001
Brand W,87082,0.13,0.876,1,0.13,0.876,0.0,0.11388000000000001
Brand D,42281,0.020000000000000018,0.11199999999999999,9,0.020000000000000018,0.11199999999999999,1.0,0.002240000000000002
Brand A,86705,0.6950000000000001,0.852,4,0.6950000000000001,0.852,0.375,0.59214
Brand D,93995,0.31000000000000005,0.31200000000000006,9,0.31000000000000005,0.31200000000000006,1.0,0.09672000000000003
Brand X,47038,0.16749999999999998,0.476,8,0.16749999999999998,0.476,0.875,0.07972999999999998
Brand B,58686,0.8775,0.7159999999999999,5,0.8775,0.7159999999999999,0.5,0.6282899999999998
Brand W,63962,0.48250000000000004,0.6880000000000001,1,0.48250000000000004,0.6880000000000001,0.0,0.33196000000000003
Brand Z,91745,0.6175,0.29599999999999993,7,0.6175,0.29599999999999993,0.75,0.18277999999999997
Brand A,98726,0.05249999999999999,0.1479999999999999,4,0.05249999999999999,0.1479999999999999,0.375,0.007769999999999994
Brand D,64972,0.22500000000000003,0.684,9,0.22500000000000003,0.684,1.0,0.15390000000000004
Brand E,45348,0.665,0.23199999999999998,2,0.665,0.23199999999999998,0.125,0.15428
Brand D,59673,0.49,0.58,9,0.49,0.58,1.0,0.28419999999999995
Brand Y,91802,0.07250000000000001,0.9880000000000001,3,0.07250000000000001,0.9880000000000001,0.25,0.07163000000000001
Brand X,33792,0.8875,0.33599999999999997,8,0.8875,0.33599999999999997,0.875,0.29819999999999997
Brand D,65670,0.8049999999999999,0.3440000000000001,9,0.8049999999999999,0.3440000000000001,1.0,0.27692000000000005
Brand A,93494,0.31000000000000005,0.7759999999999999,4,0.31000000000000005,0.7759999999999999,0.375,0.24056000000000002
Brand X,85490,0.4,0.64,8,0.4,0.64,0.875,0.256
Brand X,45853,0.4525,0.17600000000000005,8,0.4525,0.17600000000000005,0.875,0.07964000000000002
Brand X,35335,0.3125,0.38,8,0.3125,0.38,0.875,0.11875
Brand X,38615,0.28500000000000003,0.352,8,0.28500000000000003,0.352,0.875,0.10032
Brand D,85557,0.12,0.612,9,0.12,0.612,1.0,0.07343999999999999
Brand D,38071,0.7325,0.46799999999999997,9,0.7325,0.46799999999999997,1.0,0.34281
Brand C,63969,0.7075,0.7400000000000001,6,0.7075,0.7400000000000001,0.625,0.5235500000000001
Brand D,85899,0.67,0.372,9,0.67,0.372,1.0,0.24924000000000002
Brand D,95567,0.35750000000000004,0.035999999999999976,9,0.35750000000000004,0.035999999999999976,1.0,0.012869999999999993
Brand W,56142,0.027500000000000024,0.33999999999999997,1,0.027500000000000024,0.33999999999999997,0.0,0.009350000000000008
Brand X,61479,0.5075000000000001,0.4079999999999999,8,0.5075000000000001,0.4079999999999999,0.875,0.20706
Brand W,83913,0.9525000000000001,0.17200000000000004,1,0.9525000000000001,0.17200000000000004,0.0,0.16383000000000006
Brand C,94878,0.7125,0.5920000000000001,6,0.7125,0.5920000000000001,0.625,0.42180000000000006
Brand Y,47974,0.5650000000000001,0.624,3,0.5650000000000001,0.624,0.25,0.35256000000000004
Brand B,88341,0.715,0.508,5,0.715,0.508,0.5,0.36322
Brand Z,88076,0.405,0.844,7,0.405,0.844,0.75,0.34182
Brand A,56211,0.9775,0.552,4,0.9775,0.552,0.375,0.5395800000000001
Brand Z,33770,0.81,0.272,7,0.81,0.272,0.75,0.22032000000000004
Brand B,95072,0.8200000000000001,0.19599999999999995,5,0.8200000000000001,0.19599999999999995,0.5,0.16071999999999997
Brand B,55218,0.275,0.07999999999999996,5,0.275,0.07999999999999996,0.5,0.021999999999999992
Brand E,80757,0.4675,0.4,2,0.4675,0.4,0.125,0.18700000000000003
Brand C,40868,0.81,0.33599999999999997,6,0.81,0.33599999999999997,0.625,0.27216
Brand W,39076,0.03750000000000003,0.44400000000000006,1,0.03750000000000003,0.44400000000000006,0.0,0.016650000000000015
Brand B,68492,0.665,0.15200000000000002,5,0.665,0.15200000000000002,0.5,0.10108000000000002
Brand W,64573,0.43000000000000005,0.9880000000000001,1,0.43000000000000005,0.9880000000000001,0.0,0.4248400000000001
Brand Y,79106,0.4325,0.672,3,0.4325,0.672,0.25,0.29064
Brand D,77961,0.835,0.9440000000000001,9,0.835,0.9440000000000001,1.0,0.78824
Brand B,90016,0.31000000000000005,0.21999999999999997,5,0.31000000000000005,0.21999999999999997,0.5,0.0682
Brand E,99223,0.515,0.5,2,0.515,0.5,0.125,0.2575
Brand W,95762,0.62,0.524,1,0.62,0.524,0.0,0.32488
Brand B,94580,0.057499999999999996,0.512,5,0.057499999999999996,0.512,0.5,0.029439999999999997
Brand E,87524,0.12,0.7479999999999999,2,0.12,0.7479999999999999,0.125,0.08975999999999998
Brand E,62225,0.03500000000000003,0.388,2,0.03500000000000003,0.388,0.125,0.013580000000000012
Brand E,83070,0.66,0.612,2,0.66,0.612,0.125,0.40392
Brand Y,42240,0.99,0.472,3,0.99,0.472,0.25,0.46728
Brand W,49308,0.16250000000000003,0.32799999999999996,1,0.16250000000000003,0.32799999999999996,0.0,0.05330000000000001
Brand W,69518,0.9425000000000001,0.9,1,0.9425000000000001,0.9,0.0,0.8482500000000002
Brand Y,48078,0.10749999999999998,0.236,3,0.10749999999999998,0.236,0.25,0.025369999999999997
Brand D,51264,0.77,0.508,9,0.77,0.508,1.0,0.39116
Brand Y,45915,0.38750000000000007,0.884,3,0.38750000000000007,0.884,0.25,0.3425500000000001
Brand E,56686,0.59,0.7840000000000001,2,0.59,0.7840000000000001,0.125,0.4625600000000001
Brand C,39249,0.9675,0.43999999999999995,6,0.9675,0.43999999999999995,0.625,0.42569999999999997
Brand X,76248,0.14250000000000002,0.24,8,0.14250000000000002,0.24,0.875,0.0342
Brand B,82791,0.43000000000000005,0.636,5,0.43000000000000005,0.636,0.5,0.27348000000000006
Brand Z,65247,0.7075,0.10799999999999998,7,0.7075,0.10799999999999998,0.75,0.07640999999999999
Brand Y,68475,0.49,0.8079999999999999,3,0.49,0.8079999999999999,0.25,0.39591999999999994
Brand Y,33452,0.815,0.7879999999999999,3,0.815,0.7879999999999999,0.25,0.6422199999999999
Brand C,71578,0.7725,0.7120000000000001,6,0.7725,0.7120000000000001,0.625,0.5500200000000001
Brand B,55363,0.64,0.41200000000000003,5,0.64,0.41200000000000003,0.5,0.26368
Brand D,31167,0.4275,0.7959999999999999,9,0.4275,0.7959999999999999,1.0,0.34029
Brand D,40190,0.5,0.09999999999999998,9,0.5,0.09999999999999998,1.0,0.04999999999999999
Brand X,72960,0.8674999999999999,0.29200000000000004,8,0.8674999999999999,0.29200000000000004,0.875,0.25331000000000004
Brand Z,63076,0.6125,0.588,7,0.6125,0.588,0.75,0.36015
Brand W,31071,0.4175,0.908,1,0.4175,0.908,0.0,0.37909
Brand B,90667,0.845,0.20399999999999996,5,0.845,0.20399999999999996,0.5,0.17237999999999995
Brand B,69421,0.515,0.868,5,0.515,0.868,0.5,0.44702000000000003
Brand E,85689,0.05499999999999999,0.9919999999999999,2,0.05499999999999999,0.9919999999999999,0.125,0.054559999999999984
Brand W,38951,0.26,0.7440000000000001,1,0.26,0.7440000000000001,0.0,0.19344000000000003
Brand A,75168,0.45000000000000007,0.9119999999999998,4,0.45000000000000007,0.9119999999999998,0.375,0.4104
Brand W,47705,0.8425,0.368,1,0.8425,0.368,0.0,0.31004
Brand Z,70207,0.8525,0.15600000000000003,7,0.8525,0.15600000000000003,0.75,0.13299000000000002
Brand D,78238,0.8375000000000001,0.7159999999999999,9,0.8375000000000001,0.7159999999999999,1.0,0.59965
Brand W,86493,0.47,0.28400000000000003,1,0.47,0.28400000000000003,0.0,0.13348000000000002
Brand E,63669,0.5175000000000001,0.272,2,0.5175000000000001,0.272,0.125,0.14076000000000002
Brand X,51501,0.1875,0.836,8,0.1875,0.836,0.875,0.15675
Brand X,52449,0.42000000000000004,0.132,8,0.42000000000000004,0.132,0.875,0.05544000000000001
Brand Y,84032,0.8,0.08799999999999997,3,0.8,0.08799999999999997,0.25,0.07039999999999998
Brand C,65900,0.885,0.43599999999999994,6,0.885,0.43599999999999994,0.625,0.38586
Brand X,77860,0.012500000000000011,0.2759999999999999,8,0.012500000000000011,0.2759999999999999,0.875,0.003450000000000002
Brand C,72738,0.895,0.508,6,0.895,0.508,0.625,0.45466
Brand C,41374,0.044999999999999984,0.42000000000000004,6,0.044999999999999984,0.42000000000000004,0.625,0.018899999999999997
Brand B,71004,0.9824999999999999,0.612,5,0.9824999999999999,0.612,0.5,0.60129
Brand X,33498,0.11249999999999999,0.43599999999999994,8,0.11249999999999999,0.43599999999999994,0.875,0.04904999999999999
Brand E,38758,0.30000000000000004,0.9,2,0.30000000000000004,0.9,0.125,0.2700000000000001
Brand A,98592,0.235,0.3959999999999999,4,0.235,0.3959999999999999,0.375,0.09305999999999998
Brand E,72428,0.5975,0.684,2,0.5975,0.684,0.125,0.40869000000000005
Brand E,53987,0.32500000000000007,0.5920000000000001,2,0.32500000000000007,0.5920000000000001,0.125,0.19240000000000007
Brand C,66468,0.10749999999999998,0.864,6,0.10749999999999998,0.864,0.625,0.09287999999999999
Brand E,53762,0.545,0.43200000000000005,2,0.545,0.43200000000000005,0.125,0.23544000000000004
Brand A,37010,0.7575000000000001,0.544,4,0.7575000000000001,0.544,0.375,0.41208000000000006
Brand X,75489,0.15250000000000002,0.7599999999999999,8,0.15250000000000002,0.7599999999999999,0.875,0.1159
Brand X,37266,0.59,0.043999999999999984,8,0.59,0.043999999999999984,0.875,0.02595999999999999
Brand Z,58456,0.595,0.15600000000000003,7,0.595,0.15600000000000003,0.75,0.09282000000000001
Brand E,96799,0.6575,0.20399999999999996,2,0.6575,0.20399999999999996,0.125,0.13412999999999997
Brand B,49992,0.195,0.7799999999999999,5,0.195,0.7799999999999999,0.5,0.15209999999999999
Brand E,79817,0.02250000000000002,0.492,2,0.02250000000000002,0.492,0.125,0.01107000000000001
Brand D,31386,0.52,0.7359999999999999,9,0.52,0.7359999999999999,1.0,0.38271999999999995
Brand W,44923,0.45999999999999996,0.14400000000000002,1,0.45999999999999996,0.14400000000000002,0.0,0.06624000000000001
Brand C,61647,0.39249999999999996,0.17200000000000004,6,0.39249999999999996,0.17200000000000004,0.625,0.06751000000000001
Brand Y,64603,0.030000000000000027,0.7080000000000001,3,0.030000000000000027,0.7080000000000001,0.25,0.021240000000000023
Brand E,85298,0.07500000000000001,0.852,2,0.07500000000000001,0.852,0.125,0.06390000000000001
Brand B,71703,0.7525,0.45200000000000007,5,0.7525,0.45200000000000007,0.5,0.34013000000000004
Brand X,72351,0.5475,0.04799999999999993,8,0.5475,0.04799999999999993,0.875,0.026279999999999963
Brand X,90461,0.935,0.356,8,0.935,0.356,0.875,0.33286
Brand C,31816,0.9000000000000001,0.06,6,0.9000000000000001,0.06,0.625,0.054000000000000006
Brand D,43223,0.15250000000000002,0.7599999999999999,9,0.15250000000000002,0.7599999999999999,1.0,0.1159
Brand D,48673,0.71,0.268,9,0.71,0.268,1.0,0.19028
Brand C,37559,0.1925,0.7919999999999999,6,0.1925,0.7919999999999999,0.625,0.15245999999999998
Brand A,53140,0.32999999999999996,0.21599999999999997,4,0.32999999999999996,0.21599999999999997,0.375,0.07127999999999998
Brand E,81941,0.51,0.824,2,0.51,0.824,0.125,0.42024
Brand E,71591,0.32500000000000007,0.124,2,0.32500000000000007,0.124,0.125,0.04030000000000001
Brand X,48861,0.24,0.8919999999999998,8,0.24,0.8919999999999998,0.875,0.21407999999999994
Brand B,98855,0.4425,0.48,5,0.4425,0.48,0.5,0.2124
Brand W,56669,0.9175,0.30799999999999994,1,0.9175,0.30799999999999994,0.0,0.28258999999999995
Brand D,56618,0.71,0.035999999999999976,9,0.71,0.035999999999999976,1.0,0.025559999999999982
Brand B,45122,0.9550000000000001,0.6880000000000001,5,0.9550000000000001,0.6880000000000001,0.5,0.6570400000000001
Brand A,98701,0.16999999999999998,0.7720000000000001,4,0.16999999999999998,0.7720000000000001,0.375,0.13124000000000002
Brand E,42689,0.6,0.7799999999999999,2,0.6,0.7799999999999999,0.125,0.4679999999999999
Brand C,33836,0.4475,0.46799999999999997,6,0.4475,0.46799999999999997,0.625,0.20943
Brand Z,43116,0.8075000000000001,0.388,7,0.8075000000000001,0.388,0.75,0.31331000000000003
Brand A,66389,0.33999999999999997,0.28,4,0.33999999999999997,0.28,0.375,0.0952
Brand Y,93138,0.057499999999999996,0.43599999999999994,3,0.057499999999999996,0.43599999999999994,0.25,0.025069999999999995
Brand X,82415,0.49250000000000005,0.9640000000000001,8,0.49250000000000005,0.9640000000000001,0.875,0.4747700000000001
Brand Y,90994,0.855,0.5159999999999999,3,0.855,0.5159999999999999,0.25,0.4411799999999999
Brand B,88512,0.6225,0.252,5,0.6225,0.252,0.5,0.15687
Brand Y,35988,0.7575000000000001,0.07600000000000001,3,0.7575000000000001,0.07600000000000001,0.25,0.05757000000000002
Brand C,96222,0.79,0.05199999999999999,6,0.79,0.05199999999999999,0.625,0.04107999999999999
Brand X,53530,0.1375,0.20799999999999996,8,0.1375,0.20799999999999996,0.875,0.028599999999999997
Brand D,94904,0.09250000000000003,0.664,9,0.09250000000000003,0.664,1.0,0.06142000000000002
Brand D,63304,0.555,0.44799999999999995,9,0.555,0.44799999999999995,1.0,0.24864
Brand C,94728,0.08000000000000002,0.04799999999999993,6,0.08000000000000002,0.04799999999999993,0.625,0.0038399999999999953
Brand W,31838,0.5875,0.016000000000000014,1,0.5875,0.016000000000000014,0.0,0.009400000000000009
Brand C,49960,0.345,0.0,6,0.345,0.0,0.625,0.0
Brand Y,80114,0.9450000000000001,0.628,3,0.9450000000000001,0.628,0.25,0.59346
Brand Z,72188,0.9650000000000001,0.7200000000000001,7,0.9650000000000001,0.7200000000000001,0.75,0.6948000000000001
Brand Y,90244,0.2475,0.30799999999999994,3,0.2475,0.30799999999999994,0.25,0.07622999999999998
Brand E,30933,0.14,0.404,2,0.14,0.404,0.125,0.056560000000000006
Brand X,61221,0.52,0.684,8,0.52,0.684,0.875,0.35568000000000005
Brand C,31652,0.21250000000000002,0.7799999999999999,6,0.21250000000000002,0.7799999999999999,0.625,0.16575
Brand X,59451,0.6175,0.264,8,0.6175,0.264,0.875,0.16302000000000003
Brand E,70893,0.7975000000000001,0.42799999999999994,2,0.7975000000000001,0.42799999999999994,0.125,0.34132999999999997
Brand E,59197,0.32999999999999996,0.508,2,0.32999999999999996,0.508,0.125,0.16763999999999998
Brand E,42992,0.74,0.512,2,0.74,0.512,0.125,0.37888
Brand B,47236,0.4225,0.88,5,0.4225,0.88,0.5,0.37179999999999996
Brand X,46029,0.4475,0.532,8,0.4475,0.532,0.875,0.23807
Brand E,54492,0.6575,0.864,2,0.6575,0.864,0.125,0.5680799999999999
Brand E,60291,0.21500000000000002,0.628,2,0.21500000000000002,0.628,0.125,0.13502000000000003
Brand C,98871,0.25,0.624,6,0.25,0.624,0.625,0.156
Brand W,84690,0.7425,0.52,1,0.7425,0.52,0.0,0.38610000000000005
Brand W,98536,0.5825,0.84,1,0.5825,0.84,0.0,0.4893
Brand A,33809,0.13,0.68,4,0.13,0.68,0.375,0.0884
Brand Z,72220,0.925,0.596,7,0.925,0.596,0.75,0.5513
Brand C,30927,0.025000000000000022,0.44799999999999995,6,0.025000000000000022,0.44799999999999995,0.625,0.011200000000000009
Brand Y,47337,0.14,0.7640000000000001,3,0.14,0.7640000000000001,0.25,0.10696000000000003
Brand C,54117,0.505,0.908,6,0.505,0.908,0.625,0.45854
Brand D,75437,0.97,0.7279999999999999,9,0.97,0.7279999999999999,1.0,0.7061599999999999
Brand A,50767,0.77,0.11199999999999999,4,0.77,0.11199999999999999,0.375,0.08624
Brand D,54361,0.3175,0.09200000000000003,9,0.3175,0.09200000000000003,1.0,0.02921000000000001
Brand E,48195,0.7650000000000001,0.1479999999999999,2,0.7650000000000001,0.1479999999999999,0.125,0.11321999999999995
Brand D,67874,0.685,0.5559999999999999,9,0.685,0.5559999999999999,1.0,0.38086
Brand C,94345,0.32000000000000006,0.023999999999999966,6,0.32000000000000006,0.023999999999999966,0.625,0.007679999999999991
Brand A,55868,0.815,0.136,4,0.815,0.136,0.375,0.11084
Brand E,56200,0.9325000000000001,0.5840000000000001,2,0.9325000000000001,0.5840000000000001,0.125,0.5445800000000002
Brand E,74401,0.0,0.9559999999999998,2,0.0,0.9559999999999998,0.125,0.0
Brand D,57962,0.31000000000000005,0.2759999999999999,9,0.31000000000000005,0.2759999999999999,1.0,0.08555999999999998
Brand A,72411,0.13,0.472,4,0.13,0.472,0.375,0.06136
Brand Y,78607,0.7625,0.816,3,0.7625,0.816,0.25,0.6222
Brand C,44076,0.5925,0.9959999999999999,6,0.5925,0.9959999999999999,0.625,0.5901299999999999
Brand X,82356,0.5875,0.45200000000000007,8,0.5875,0.45200000000000007,0.875,0.26555000000000006
Brand A,95297,0.6725,0.848,4,0.6725,0.848,0.375,0.57028
Brand Z,43963,0.8625,0.9880000000000001,7,0.8625,0.9880000000000001,0.75,0.8521500000000002
Brand X,90851,0.44500000000000006,0.3759999999999999,8,0.44500000000000006,0.3759999999999999,0.875,0.16731999999999997
Brand E,81269,0.845,0.4840000000000001,2,0.845,0.4840000000000001,0.125,0.40898000000000007
Brand E,99631,0.96,0.035999999999999976,2,0.96,0.035999999999999976,0.125,0.03455999999999997
Brand X,86114,0.905,0.5159999999999999,8,0.905,0.5159999999999999,0.875,0.46697999999999995
Brand D,53810,0.3225,0.6880000000000001,9,0.3225,0.6880000000000001,1.0,0.22188000000000002
Brand B,48847,0.8325,0.7679999999999999,5,0.8325,0.7679999999999999,0.5,0.6393599999999999
Brand C,74853,0.925,0.392,6,0.925,0.392,0.625,0.36260000000000003
Brand B,92628,0.9525000000000001,0.31599999999999995,5,0.9525000000000001,0.31599999999999995,0.5,0.30099
Brand D,68881,0.37250000000000005,0.21599999999999997,9,0.37250000000000005,0.21599999999999997,1.0,0.08046
Brand X,64418,0.395,0.668,8,0.395,0.668,0.875,0.26386000000000004
Brand W,41378,0.8725,0.17600000000000005,1,0.8725,0.17600000000000005,0.0,0.15356000000000006
Brand Z,86175,0.22750000000000004,0.17999999999999994,7,0.22750000000000004,0.17999999999999994,0.75,0.04094999999999999
Brand W,64043,0.4325,0.84,1,0.4325,0.84,0.0,0.36329999999999996
Brand Y,58136,0.08750000000000002,0.16399999999999992,3,0.08750000000000002,0.16399999999999992,0.25,0.014349999999999996
Brand Y,92017,0.9099999999999999,0.46799999999999997,3,0.9099999999999999,0.46799999999999997,0.25,0.4258799999999999
Brand W,40115,0.36750000000000005,0.508,1,0.36750000000000005,0.508,0.0,0.18669000000000002
Brand D,69493,0.2025,0.856,9,0.2025,0.856,1.0,0.17334000000000002
Brand X,41635,0.13,0.016000000000000014,8,0.13,0.016000000000000014,0.875,0.002080000000000002
Brand D,45048,0.22500000000000003,0.32799999999999996,9,0.22500000000000003,0.32799999999999996,1.0,0.0738
Brand C,99030,0.65,0.48,6,0.65,0.48,0.625,0.312
Brand A,30086,0.72,0.07600000000000001,4,0.72,0.07600000000000001,0.375,0.054720000000000005
Brand X,56794,0.5,0.58,8,0.5,0.58,0.875,0.29
Brand D,45956,0.09750000000000003,0.844,9,0.09750000000000003,0.844,1.0,0.08229000000000003
Brand A,84498,0.30500000000000005,0.124,4,0.30500000000000005,0.124,0.375,0.037820000000000006
Brand Z,42423,0.44500000000000006,0.44400000000000006,7,0.44500000000000006,0.44400000000000006,0.75,0.19758000000000006
Brand E,53588,0.735,0.17999999999999994,2,0.735,0.17999999999999994,0.125,0.13229999999999995
Brand E,45498,0.7650000000000001,0.9319999999999998,2,0.7650000000000001,0.9319999999999998,0.125,0.71298
Brand Y,51107,0.9550000000000001,0.43200000000000005,3,0.9550000000000001,0.43200000000000005,0.25,0.4125600000000001
Brand W,77988,0.31000000000000005,0.7599999999999999,1,0.31000000000000005,0.7599999999999999,0.0,0.2356
Brand Z,68807,0.03750000000000003,0.5479999999999999,7,0.03750000000000003,0.5479999999999999,0.75,0.020550000000000016
Brand X,52132,0.27749999999999997,0.248,8,0.27749999999999997,0.248,0.875,0.06881999999999999
Brand W,83839,0.8925000000000001,0.4640000000000001,1,0.8925000000000001,0.4640000000000001,0.0,0.4141200000000001
Brand X,75196,0.9299999999999999,0.15200000000000002,8,0.9299999999999999,0.15200000000000002,0.875,0.14136
Brand Y,59089,0.535,0.6920000000000001,3,0.535,0.6920000000000001,0.25,0.37022000000000005
Brand X,50222,0.33499999999999996,0.62,8,0.33499999999999996,0.62,0.875,0.20769999999999997
Brand A,88690,0.6325000000000001,0.43200000000000005,4,0.6325000000000001,0.43200000000000005,0.375,0.27324000000000004
Brand X,85920,0.39,0.404,8,0.39,0.404,0.875,0.15756
Brand C,40981,0.9425000000000001,0.09200000000000003,6,0.9425000000000001,0.09200000000000003,0.625,0.08671000000000004
Brand Z,46944,0.1225,0.1479999999999999,7,0.1225,0.1479999999999999,0.75,0.01812999999999999
Brand X,40712,0.13,0.508,8,0.13,0.508,0.875,0.06604
Brand W,60538,0.36250000000000004,0.352,1,0.36250000000000004,0.352,0.0,0.12760000000000002
Brand E,73465,0.815,0.0,2,0.815,0.0,0.125,0.0
Brand W,94068,0.010000000000000009,0.604,1,0.010000000000000009,0.604,0.0,0.0060400000000000054
Brand E,59108,0.8200000000000001,0.7759999999999999,2,0.8200000000000001,0.7759999999999999,0.125,0.63632
Brand A,46632,0.7525,0.568,4,0.7525,0.568,0.375,0.4274199999999999
Brand Z,30088,0.7550000000000001,0.3959999999999999,7,0.7550000000000001,0.3959999999999999,0.75,0.29897999999999997
Brand D,33151,0.53,0.43599999999999994,9,0.53,0.43599999999999994,1.0,0.23107999999999998
Brand D,80454,0.265,0.7520000000000001,9,0.265,0.7520000000000001,1.0,0.19928000000000004
Brand Y,71350,0.45999999999999996,0.12,3,0.45999999999999996,0.12,0.25,0.05519999999999999
Brand B,69759,0.16999999999999998,0.372,5,0.16999999999999998,0.372,0.5,0.06323999999999999
Brand E,42066,0.545,0.23199999999999998,2,0.545,0.23199999999999998,0.125,0.12644
Brand X,52478,0.7975000000000001,0.007999999999999952,8,0.7975000000000001,0.007999999999999952,0.875,0.006379999999999962
Brand C,94362,0.525,0.86,6,0.525,0.86,0.625,0.4515
Brand C,64771,0.3375,0.824,6,0.3375,0.824,0.625,0.2781
Brand Z,59836,0.0675,0.9440000000000001,7,0.0675,0.9440000000000001,0.75,0.06372000000000001
Brand E,39299,0.35750000000000004,0.4159999999999999,2,0.35750000000000004,0.4159999999999999,0.125,0.14872
Brand Z,87596,0.7225,0.09999999999999998,7,0.7225,0.09999999999999998,0.75,0.07224999999999998
Brand B,77967,0.42500000000000004,0.832,5,0.42500000000000004,0.832,0.5,0.3536
Brand B,55381,0.6925,0.08799999999999997,5,0.6925,0.08799999999999997,0.5,0.06093999999999998
Brand Y,55965,0.3375,0.832,3,0.3375,0.832,0.25,0.2808
Brand E,61863,0.38750000000000007,0.84,2,0.38750000000000007,0.84,0.125,0.32550000000000007
Brand A,81083,0.29500000000000004,0.9880000000000001,4,0.29500000000000004,0.9880000000000001,0.375,0.29146000000000005
Brand X,80095,0.4475,0.09600000000000003,8,0.4475,0.09600000000000003,0.875,0.04296000000000001
Brand X,40851,0.2025,0.552,8,0.2025,0.552,0.875,0.11178000000000002
Brand Y,58857,0.28500000000000003,0.9480000000000001,3,0.28500000000000003,0.9480000000000001,0.25,0.27018000000000003
Brand E,68112,0.4675,0.248,2,0.4675,0.248,0.125,0.11594
Brand E,91467,0.07500000000000001,0.45200000000000007,2,0.07500000000000001,0.45200000000000007,0.125,0.03390000000000001
Brand B,77901,0.99,0.612,5,0.99,0.612,0.5,0.60588
Brand E,34066,0.8325,0.30000000000000004,2,0.8325,0.30000000000000004,0.125,0.24975000000000006
Brand A,90869,0.9650000000000001,0.5840000000000001,4,0.9650000000000001,0.5840000000000001,0.375,0.5635600000000002
Brand X,38678,0.8975,0.04799999999999993,8,0.8975,0.04799999999999993,0.875,0.04307999999999994
Brand D,50029,0.1925,0.664,9,0.1925,0.664,1.0,0.12782000000000002
Brand Z,83571,0.61,0.3440000000000001,7,0.61,0.3440000000000001,0.75,0.20984000000000005
Brand Y,72656,0.7875000000000001,0.644,3,0.7875000000000001,0.644,0.25,0.5071500000000001
Brand D,44106,0.275,0.272,9,0.275,0.272,1.0,0.0748
Brand Y,71306,0.6725,0.22399999999999998,3,0.6725,0.22399999999999998,0.25,0.15063999999999997
Brand A,36515,0.065,0.7679999999999999,4,0.065,0.7679999999999999,0.375,0.04991999999999999
Brand B,86054,0.9675,0.368,5,0.9675,0.368,0.5,0.35604
Brand W,61171,0.8025,0.824,1,0.8025,0.824,0.0,0.66126
Brand C,66050,0.3075,0.3440000000000001,6,0.3075,0.3440000000000001,0.625,0.10578000000000003
Brand A,78331,0.5375,0.7959999999999999,4,0.5375,0.7959999999999999,0.375,0.42784999999999995
Brand A,94574,0.63,0.9600000000000001,4,0.63,0.9600000000000001,0.375,0.6048
Brand D,32484,0.52,0.9319999999999998,9,0.52,0.9319999999999998,1.0,0.4846399999999999
Brand Y,36529,0.065,0.42000000000000004,3,0.065,0.42000000000000004,0.25,0.027300000000000005
Brand E,76781,0.9875,0.43200000000000005,2,0.9875,0.43200000000000005,0.125,0.4266000000000001
Brand A,41868,0.22250000000000003,0.7559999999999999,4,0.22250000000000003,0.7559999999999999,0.375,0.16821
Brand E,61652,0.925,0.21999999999999997,2,0.925,0.21999999999999997,0.125,0.2035
Brand E,87559,0.36250000000000004,0.5920000000000001,2,0.36250000000000004,0.5920000000000001,0.125,0.21460000000000007
Brand A,87942,0.175,0.9919999999999999,4,0.175,0.9919999999999999,0.375,0.17359999999999998
Brand X,50188,0.665,0.6920000000000001,8,0.665,0.6920000000000001,0.875,0.4601800000000001
Brand C,94024,0.41500000000000004,0.7200000000000001,6,0.41500000000000004,0.7200000000000001,0.625,0.29880000000000007
Brand D,52998,0.715,0.828,9,0.715,0.828,1.0,0.59202
Brand B,93665,0.47750000000000004,0.132,5,0.47750000000000004,0.132,0.5,0.06303
Brand Z,73706,0.375,0.09999999999999998,7,0.375,0.09999999999999998,0.75,0.03749999999999999
Brand D,76049,0.125,0.44400000000000006,9,0.125,0.44400000000000006,1.0,0.05550000000000001
Brand Z,58308,0.057499999999999996,0.18799999999999994,7,0.057499999999999996,0.18799999999999994,0.75,0.010809999999999997
Brand A,41718,0.1725,0.7599999999999999,4,0.1725,0.7599999999999999,0.375,0.13109999999999997
Brand A,65943,0.72,0.03200000000000003,4,0.72,0.03200000000000003,0.375,0.02304000000000002
Brand X,79055,0.06,0.06399999999999995,8,0.06,0.06399999999999995,0.875,0.0038399999999999966
Brand A,35710,0.45999999999999996,0.9680000000000001,4,0.45999999999999996,0.9680000000000001,0.375,0.44528
Brand D,52546,0.08500000000000002,0.9759999999999999,9,0.08500000000000002,0.9759999999999999,1.0,0.08296
Brand X,69384,0.5875,0.30799999999999994,8,0.5875,0.30799999999999994,0.875,0.18094999999999997
Brand D,55716,0.2375,0.14400000000000002,9,0.2375,0.14400000000000002,1.0,0.0342
Brand Z,42582,0.68,0.019999999999999962,7,0.68,0.019999999999999962,0.75,0.013599999999999975
Brand X,40594,0.6075,0.24,8,0.6075,0.24,0.875,0.1458
Brand B,32807,0.1975,0.8079999999999999,5,0.1975,0.8079999999999999,0.5,0.15958
Brand C,76628,0.4075,0.5359999999999999,6,0.4075,0.5359999999999999,0.625,0.21841999999999995
Brand C,97573,0.22500000000000003,0.7879999999999999,6,0.22500000000000003,0.7879999999999999,0.625,0.1773
Brand X,71587,0.1725,0.604,8,0.1725,0.604,0.875,0.10418999999999999
Brand W,35860,0.22500000000000003,0.29599999999999993,1,0.22500000000000003,0.29599999999999993,0.0,0.06659999999999999
Brand X,59949,0.41000000000000003,0.7599999999999999,8,0.41000000000000003,0.7599999999999999,0.875,0.3116
Brand Y,95713,0.6925,0.904,3,0.6925,0.904,0.25,0.62602
Brand W,74355,0.535,0.8079999999999999,1,0.535,0.8079999999999999,0.0,0.43228
Brand Y,90991,0.6725,0.21199999999999997,3,0.6725,0.21199999999999997,0.25,0.14256999999999997
Brand Z,76463,0.5,0.4640000000000001,7,0.5,0.4640000000000001,0.75,0.23200000000000004
Brand Z,61373,0.8375000000000001,0.45200000000000007,7,0.8375000000000001,0.45200000000000007,0.75,0.3785500000000001
Brand W,76869,0.9924999999999999,0.38,1,0.9924999999999999,0.38,0.0,0.37715
Brand A,36520,0.33499999999999996,0.7679999999999999,4,0.33499999999999996,0.7679999999999999,0.375,0.25727999999999995
Brand E,59473,0.935,0.5159999999999999,2,0.935,0.5159999999999999,0.125,0.48245999999999994
Brand X,73744,0.30000000000000004,0.9559999999999998,8,0.30000000000000004,0.9559999999999998,0.875,0.2868
Brand D,42753,0.3275,0.09600000000000003,9,0.3275,0.09600000000000003,1.0,0.03144000000000001
Brand E,47278,0.16250000000000003,0.7720000000000001,2,0.16250000000000003,0.7720000000000001,0.125,0.12545000000000003
Brand X,97117,0.8900000000000001,0.7999999999999999,8,0.8900000000000001,0.7999999999999999,0.875,0.7120000000000001
Brand Y,62472,0.6025,0.03200000000000003,3,0.6025,0.03200000000000003,0.25,0.01928000000000002
Brand C,90747,0.39249999999999996,0.19599999999999995,6,0.39249999999999996,0.19599999999999995,0.625,0.07692999999999997
Brand Z,73334,0.49750000000000005,0.003999999999999948,7,0.49750000000000005,0.003999999999999948,0.75,0.0019899999999999744
Brand B,76134,0.9924999999999999,0.7159999999999999,5,0.9924999999999999,0.7159999999999999,0.5,0.7106299999999998
Brand E,79301,0.8525,0.4159999999999999,2,0.8525,0.4159999999999999,0.125,0.35463999999999996
Brand C,34348,0.71,0.7479999999999999,6,0.71,0.7479999999999999,0.625,0.5310799999999999
Brand B,81809,0.09000000000000002,0.9400000000000001,5,0.09000000000000002,0.9400000000000001,0.5,0.08460000000000002
Brand Z,71884,0.195,0.2759999999999999,7,0.195,0.2759999999999999,0.75,0.053819999999999986
Brand X,55257,0.875,0.3440000000000001,8,0.875,0.3440000000000001,0.875,0.30100000000000005
Brand X,77592,0.495,0.2879999999999999,8,0.495,0.2879999999999999,0.875,0.14255999999999996
Brand C,31493,0.07250000000000001,0.6920000000000001,6,0.07250000000000001,0.6920000000000001,0.625,0.05017000000000001
Brand Z,63287,0.7825,0.62,7,0.7825,0.62,0.75,0.48514999999999997
Brand C,31198,0.5800000000000001,0.488,6,0.5800000000000001,0.488,0.625,0.28304
Brand D,33962,0.5225,0.6,9,0.5225,0.6,1.0,0.31349999999999995
Brand Y,82046,0.2875,0.7840000000000001,3,0.2875,0.7840000000000001,0.25,0.22540000000000002
Brand Z,63948,0.2475,0.9600000000000001,7,0.2475,0.9600000000000001,0.75,0.2376
Brand Y,72469,0.505,0.664,3,0.505,0.664,0.25,0.33532
Brand X,77029,0.14,0.62,8,0.14,0.62,0.875,0.0868
Brand W,88900,0.31500000000000006,0.7799999999999999,1,0.31500000000000006,0.7799999999999999,0.0,0.24570000000000003
Brand Z,67749,0.05499999999999999,0.17200000000000004,7,0.05499999999999999,0.17200000000000004,0.75,0.009460000000000001
Brand X,71731,0.725,0.11199999999999999,8,0.725,0.11199999999999999,0.875,0.0812
Brand D,85972,0.1275,0.852,9,0.1275,0.852,1.0,0.10863
Brand X,32171,0.4375,0.124,8,0.4375,0.124,0.875,0.05425
Brand A,73830,0.9750000000000001,0.29200000000000004,4,0.9750000000000001,0.29200000000000004,0.375,0.28470000000000006
Brand C,67518,0.2375,0.6880000000000001,6,0.2375,0.6880000000000001,0.625,0.16340000000000002
Brand D,69742,0.9075,0.44400000000000006,9,0.9075,0.44400000000000006,1.0,0.40293000000000007
Brand X,43706,0.0675,0.916,8,0.0675,0.916,0.875,0.06183000000000001
Brand D,91808,0.175,0.5279999999999999,9,0.175,0.5279999999999999,1.0,0.09239999999999998
Brand C,83818,0.5625,0.44799999999999995,6,0.5625,0.44799999999999995,0.625,0.252
Brand D,56305,0.665,0.3959999999999999,9,0.665,0.3959999999999999,1.0,0.26333999999999996
Brand B,57018,0.47250000000000003,0.928,5,0.47250000000000003,0.928,0.5,0.43848000000000004
Brand X,40104,0.44500000000000006,0.472,8,0.44500000000000006,0.472,0.875,0.21004
Brand C,68852,0.59,0.248,6,0.59,0.248,0.625,0.14631999999999998
Brand W,82141,0.41500000000000004,0.43999999999999995,1,0.41500000000000004,0.43999999999999995,0.0,0.18259999999999998
Brand A,67295,0.19,0.868,4,0.19,0.868,0.375,0.16492
Brand Z,46879,0.815,0.9719999999999999,7,0.815,0.9719999999999999,0.75,0.7921799999999999
Brand D,59172,0.6925,0.916,9,0.6925,0.916,1.0,0.6343300000000001
Brand A,38162,0.7075,0.7959999999999999,4,0.7075,0.7959999999999999,0.375,0.56317
Brand Y,33791,0.2925,0.7279999999999999,3,0.2925,0.7279999999999999,0.25,0.21293999999999996
Brand Y,63133,0.96,0.3759999999999999,3,0.96,0.3759999999999999,0.25,0.3609599999999999
Brand B,63170,0.6900000000000001,0.03200000000000003,5,0.6900000000000001,0.03200000000000003,0.5,0.02208000000000002
Brand C,69084,0.9475,0.02799999999999997,6,0.9475,0.02799999999999997,0.625,0.02652999999999997
Brand A,83274,0.23249999999999998,0.82,4,0.23249999999999998,0.82,0.375,0.19065
Brand Y,92316,0.08500000000000002,0.05199999999999999,3,0.08500000000000002,0.05199999999999999,0.25,0.00442
Brand C,97138,0.4525,0.596,6,0.4525,0.596,0.625,0.26969
Brand A,75529,0.27749999999999997,0.48,4,0.27749999999999997,0.48,0.375,0.13319999999999999
Brand Z,91613,0.825,0.9440000000000001,7,0.825,0.9440000000000001,0.75,0.7788
Brand E,55348,0.10000000000000003,0.7279999999999999,2,0.10000000000000003,0.7279999999999999,0.125,0.07280000000000002
Brand Z,30231,0.31000000000000005,0.10399999999999998,7,0.31000000000000005,0.10399999999999998,0.75,0.03224
Brand E,44876,0.47250000000000003,0.824,2,0.47250000000000003,0.824,0.125,0.38934
Brand C,34771,0.8175000000000001,0.21999999999999997,6,0.8175000000000001,0.21999999999999997,0.625,0.17985
Brand E,56471,0.51,0.672,2,0.51,0.672,0.125,0.34272
Brand A,39539,0.9450000000000001,0.904,4,0.9450000000000001,0.904,0.375,0.85428
Brand W,50645,0.4325,0.42799999999999994,1,0.4325,0.42799999999999994,0.0,0.18510999999999997
Brand X,85149,0.2975,0.64,8,0.2975,0.64,0.875,0.19039999999999999
Brand Z,71680,0.1225,0.43999999999999995,7,0.1225,0.43999999999999995,0.75,0.05389999999999999
Brand E,34193,0.56,0.904,2,0.56,0.904,0.125,0.50624
Brand A,97040,0.6125,0.10799999999999998,4,0.6125,0.10799999999999998,0.375,0.06615
Brand X,79141,0.1975,0.632,8,0.1975,0.632,0.875,0.12482
Brand W,83278,0.6375000000000001,0.5559999999999999,1,0.6375000000000001,0.5559999999999999,0.0,0.35445
Brand A,68672,0.7075,0.8919999999999998,4,0.7075,0.8919999999999998,0.375,0.6310899999999998
Brand X,98372,0.76,0.664,8,0.76,0.664,0.875,0.50464
Brand B,86777,0.1325,0.248,5,0.1325,0.248,0.5,0.03286
Brand E,37511,0.8049999999999999,0.9519999999999998,2,0.8049999999999999,0.9519999999999998,0.125,0.7663599999999998
Brand Y,98853,0.61,0.04799999999999993,3,0.61,0.04799999999999993,0.25,0.02927999999999996
Brand Y,38445,0.8825000000000001,0.66,3,0.8825000000000001,0.66,0.25,0.58245
Brand Y,74350,0.3125,0.4159999999999999,3,0.3125,0.4159999999999999,0.25,0.12999999999999998
Brand Y,92655,0.255,0.616,3,0.255,0.616,0.25,0.15708
Brand E,43652,0.735,0.6920000000000001,2,0.735,0.6920000000000001,0.125,0.5086200000000001
Brand B,81046,0.9475,0.604,5,0.9475,0.604,0.5,0.57229
Brand B,35820,0.020000000000000018,0.45200000000000007,5,0.020000000000000018,0.45200000000000007,0.5,0.00904000000000001
Brand Z,86749,0.015000000000000013,0.30799999999999994,7,0.015000000000000013,0.30799999999999994,0.75,0.0046200000000000034
Brand B,37340,0.5075000000000001,0.9480000000000001,5,0.5075000000000001,0.9480000000000001,0.5,0.4811100000000001
Brand Y,76746,0.815,0.7559999999999999,3,0.815,0.7559999999999999,0.25,0.6161399999999999
Brand A,64870,0.6475,0.632,4,0.6475,0.632,0.375,0.40922
Brand D,88226,0.265,0.824,9,0.265,0.824,1.0,0.21836
Brand E,30252,0.28,0.9559999999999998,2,0.28,0.9559999999999998,0.125,0.26768
Brand Z,78717,0.7175,0.30400000000000005,7,0.7175,0.30400000000000005,0.75,0.21812000000000004
Brand Z,45733,0.05249999999999999,0.07999999999999996,7,0.05249999999999999,0.07999999999999996,0.75,0.004199999999999997
Brand D,73052,0.020000000000000018,0.3759999999999999,9,0.020000000000000018,0.3759999999999999,1.0,0.007520000000000004
Brand X,65238,0.39749999999999996,0.4,8,0.39749999999999996,0.4,0.875,0.159
Brand B,67611,0.1925,0.09600000000000003,5,0.1925,0.09600000000000003,0.5,0.018480000000000007
Brand C,41340,0.7050000000000001,0.08399999999999996,6,0.7050000000000001,0.08399999999999996,0.625,0.05921999999999998
Brand A,83057,0.4075,0.42400000000000004,4,0.4075,0.42400000000000004,0.375,0.17278000000000002
Brand Z,53350,0.68,0.7879999999999999,7,0.68,0.7879999999999999,0.75,0.53584
Brand Z,39647,0.7325,0.035999999999999976,7,0.7325,0.035999999999999976,0.75,0.026369999999999984
Brand Y,99147,0.16000000000000003,0.928,3,0.16000000000000003,0.928,0.25,0.14848000000000003
Brand X,82184,0.6525,0.7279999999999999,8,0.6525,0.7279999999999999,0.875,0.4750199999999999
Brand D,57966,0.04999999999999999,0.616,9,0.04999999999999999,0.616,1.0,0.030799999999999994
Brand A,51045,0.265,0.7799999999999999,4,0.265,0.7799999999999999,0.375,0.2067
Brand Z,99858,0.9625000000000001,0.5359999999999999,7,0.9625000000000001,0.5359999999999999,0.75,0.5159
Brand C,34841,0.49750000000000005,0.7879999999999999,6,0.49750000000000005,0.7879999999999999,0.625,0.39203
Brand C,59766,0.4625,0.9119999999999998,6,0.4625,0.9119999999999998,0.625,0.42179999999999995
Brand D,81649,0.3225,0.7840000000000001,9,0.3225,0.7840000000000001,1.0,0.25284000000000006
Brand D,34278,0.255,0.668,9,0.255,0.668,1.0,0.17034000000000002
Brand B,70338,0.21750000000000003,0.26,5,0.21750000000000003,0.26,0.5,0.05655000000000001
Brand C,65119,0.38250000000000006,0.7919999999999999,6,0.38250000000000006,0.7919999999999999,0.625,0.30294000000000004
Brand W,81280,0.06,0.43599999999999994,1,0.06,0.43599999999999994,0.0,0.026159999999999996
Brand W,63712,0.745,0.6920000000000001,1,0.745,0.6920000000000001,0.0,0.51554
Brand C,51615,0.32000000000000006,0.9,6,0.32000000000000006,0.9,0.625,0.2880000000000001
Brand E,38196,0.7175,0.524,2,0.7175,0.524,0.125,0.37597
Brand B,72743,0.745,0.19200000000000006,5,0.745,0.19200000000000006,0.5,0.14304000000000006
Brand W,66725,0.3225,0.31599999999999995,1,0.3225,0.31599999999999995,0.0,0.10190999999999999
Brand C,78942,0.41500000000000004,0.52,6,0.41500000000000004,0.52,0.625,0.21580000000000002
Brand D,45467,0.22750000000000004,0.4840000000000001,9,0.22750000000000004,0.4840000000000001,1.0,0.11011000000000004
Brand W,48206,0.9924999999999999,0.4640000000000001,1,0.9924999999999999,0.4640000000000001,0.0,0.46052000000000004
Brand W,31700,0.9775,0.09200000000000003,1,0.9775,0.09200000000000003,0.0,0.08993000000000002
Brand Z,71118,0.7875000000000001,0.908,7,0.7875000000000001,0.908,0.75,0.7150500000000001
Brand A,89443,0.11249999999999999,0.896,4,0.11249999999999999,0.896,0.375,0.10079999999999999
Brand E,30203,0.595,0.31999999999999995,2,0.595,0.31999999999999995,0.125,0.19039999999999996
Brand Z,54315,0.9275,0.904,7,0.9275,0.904,0.75,0.83846
Brand E,74860,0.020000000000000018,0.392,2,0.020000000000000018,0.392,0.125,0.007840000000000007
Brand X,95989,0.4525,0.8119999999999999,8,0.4525,0.8119999999999999,0.875,0.36743
Brand W,94717,0.21250000000000002,0.019999999999999962,1,0.21250000000000002,0.019999999999999962,0.0,0.0042499999999999925
Brand E,35928,0.935,0.868,2,0.935,0.868,0.125,0.8115800000000001
Brand X,31478,0.365,0.42799999999999994,8,0.365,0.42799999999999994,0.875,0.15621999999999997
Brand E,37685,0.8325,0.576,2,0.8325,0.576,0.125,0.47951999999999995
Brand Y,69899,0.77,0.22799999999999998,3,0.77,0.22799999999999998,0.25,0.17556
Brand B,73478,0.7225,0.7040000000000001,5,0.7225,0.7040000000000001,0.5,0.5086400000000001
Brand C,78914,0.64,0.86,6,0.64,0.86,0.625,0.5504
Brand Z,65907,0.012500000000000011,0.6,7,0.012500000000000011,0.6,0.75,0.007500000000000007
Brand X,74078,0.935,0.512,8,0.935,0.512,0.875,0.47872000000000003
Brand A,90837,0.615,0.11599999999999999,4,0.615,0.11599999999999999,0.375,0.07134
Brand Z,68031,0.13,0.928,7,0.13,0.928,0.75,0.12064000000000001
Brand E,99189,0.615,0.16399999999999992,2,0.615,0.16399999999999992,0.125,0.10085999999999995
Brand B,78929,0.09750000000000003,0.588,5,0.09750000000000003,0.588,0.5,0.05733000000000001
Brand Z,99855,0.7425,0.9319999999999998,7,0.7425,0.9319999999999998,0.75,0.6920099999999999
Brand B,71179,0.8175000000000001,0.9840000000000001,5,0.8175000000000001,0.9840000000000001,0.5,0.8044200000000002
Brand W,91224,0.6425000000000001,0.11599999999999999,1,0.6425000000000001,0.11599999999999999,0.0,0.07453
Brand Y,68928,0.13,0.3320000000000001,3,0.13,0.3320000000000001,0.25,0.04316000000000001
Brand Y,79836,0.73,0.368,3,0.73,0.368,0.25,0.26864
Brand A,43088,0.09500000000000003,0.604,4,0.09500000000000003,0.604,0.375,0.057380000000000014
Brand D,79814,0.895,0.19999999999999996,9,0.895,0.19999999999999996,1.0,0.17899999999999996
Brand A,76178,0.64,0.7640000000000001,4,0.64,0.7640000000000001,0.375,0.4889600000000001
Brand D,95419,0.22250000000000003,0.864,9,0.22250000000000003,0.864,1.0,0.19224000000000002
Brand A,47514,0.38,0.7000000000000001,4,0.38,0.7000000000000001,0.375,0.266
Brand X,92904,0.10499999999999998,0.852,8,0.10499999999999998,0.852,0.875,0.08945999999999998
Brand Z,67212,0.06,0.7120000000000001,7,0.06,0.7120000000000001,0.75,0.04272
Brand A,94245,0.4225,0.616,4,0.4225,0.616,0.375,0.26026
Brand Y,77532,0.48250000000000004,0.248,3,0.48250000000000004,0.248,0.25,0.11966
Brand C,74451,0.09500000000000003,0.876,6,0.09500000000000003,0.876,0.625,0.08322000000000003
Brand E,32663,0.745,0.552,2,0.745,0.552,0.125,0.41124000000000005
Brand Z,44861,0.04749999999999999,0.5840000000000001,7,0.04749999999999999,0.5840000000000001,0.75,0.027739999999999997
Brand Z,79638,0.8875,0.7279999999999999,7,0.8875,0.7279999999999999,0.75,0.6460999999999999
Brand W,44180,0.1225,0.45599999999999996,1,0.1225,0.45599999999999996,0.0,0.05585999999999999
Brand C,49038,0.6725,0.45999999999999996,6,0.6725,0.45999999999999996,0.625,0.30934999999999996
Brand Y,43913,0.195,0.3320000000000001,3,0.195,0.3320000000000001,0.25,0.06474000000000002
Brand E,83824,0.875,0.9,2,0.875,0.9,0.125,0.7875
Brand D,81536,0.5175000000000001,0.68,9,0.5175000000000001,0.68,1.0,0.35190000000000005
Brand B,47201,0.8225,0.6880000000000001,5,0.8225,0.6880000000000001,0.5,0.56588
Brand E,57805,0.6625,0.10399999999999998,2,0.6625,0.10399999999999998,0.125,0.06889999999999999
Brand B,52505,0.48,0.272,5,0.48,0.272,0.5,0.13056
Brand W,61986,0.6825,0.4640000000000001,1,0.6825,0.4640000000000001,0.0,0.3166800000000001
Brand Z,40995,0.6950000000000001,0.5720000000000001,7,0.6950000000000001,0.5720000000000001,0.75,0.39754000000000006
Brand E,90730,0.8175000000000001,0.21199999999999997,2,0.8175000000000001,0.21199999999999997,0.125,0.17331
Brand B,60261,0.6575,0.31999999999999995,5,0.6575,0.31999999999999995,0.5,0.21039999999999995
Brand W,65526,0.3225,0.20399999999999996,1,0.3225,0.20399999999999996,0.0,0.06578999999999999
Brand E,38982,0.845,0.372,2,0.845,0.372,0.125,0.31434
Brand A,86179,0.47250000000000003,0.64,4,0.47250000000000003,0.64,0.375,0.3024
Brand A,74111,0.7475,0.9800000000000001,4,0.7475,0.9800000000000001,0.375,0.7325500000000001
Brand Y,67017,0.28500000000000003,0.5479999999999999,3,0.28500000000000003,0.5479999999999999,0.25,0.15617999999999999
Brand A,66041,0.5650000000000001,0.264,4,0.5650000000000001,0.264,0.375,0.14916000000000001
Brand E,66698,0.745,0.5,2,0.745,0.5,0.125,0.3725
Brand W,36407,0.75,0.7879999999999999,1,0.75,0.7879999999999999,0.0,0.591
Brand B,50006,0.8125,0.9319999999999998,5,0.8125,0.9319999999999998,0.5,0.7572499999999999
Brand E,31197,0.16500000000000004,0.4,2,0.16500000000000004,0.4,0.125,0.06600000000000002
Brand C,66704,0.99,0.472,6,0.99,0.472,0.625,0.46728
Brand B,58979,0.99,0.7919999999999999,5,0.99,0.7919999999999999,0.5,0.7840799999999999
Brand X,68104,0.62,0.68,8,0.62,0.68,0.875,0.42160000000000003
Brand B,92533,0.07750000000000001,0.64,5,0.07750000000000001,0.64,0.5,0.04960000000000001
Brand W,73853,0.9175,0.19599999999999995,1,0.9175,0.19599999999999995,0.0,0.17982999999999996
Brand D,83877,0.065,0.9,9,0.065,0.9,1.0,0.0585
Brand D,50375,0.8600000000000001,0.508,9,0.8600000000000001,0.508,1.0,0.43688000000000005
Brand C,41812,0.5725,0.9440000000000001,6,0.5725,0.9440000000000001,0.625,0.54044
Brand Y,58179,0.78,0.12,3,0.78,0.12,0.25,0.0936
Brand W,65631,0.8700000000000001,0.7400000000000001,1,0.8700000000000001,0.7400000000000001,0.0,0.6438000000000001
Brand C,58343,0.21250000000000002,0.15600000000000003,6,0.21250000000000002,0.15600000000000003,0.625,0.033150000000000006
Brand X,96409,0.655,0.508,8,0.655,0.508,0.875,0.33274000000000004
Brand B,48847,0.9450000000000001,0.21599999999999997,5,0.9450000000000001,0.21599999999999997,0.5,0.20412
Brand Y,78694,0.8525,0.936,3,0.8525,0.936,0.25,0.7979400000000001
Brand Y,49801,0.53,0.928,3,0.53,0.928,0.25,0.49184000000000005
Brand D,45335,0.7425,0.9559999999999998,9,0.7425,0.9559999999999998,1.0,0.70983
Brand E,32430,0.5225,0.08399999999999996,2,0.5225,0.08399999999999996,0.125,0.04388999999999998
Brand B,98064,0.5725,0.872,5,0.5725,0.872,0.5,0.49922
Brand C,87275,0.29000000000000004,0.512,6,0.29000000000000004,0.512,0.625,0.14848000000000003
Brand A,98802,0.7525,0.6,4,0.7525,0.6,0.375,0.45149999999999996
Brand B,52256,0.49250000000000005,0.8040000000000002,5,0.49250000000000005,0.8040000000000002,0.5,0.3959700000000001
Brand Z,96902,0.34750000000000003,0.22799999999999998,7,0.34750000000000003,0.22799999999999998,0.75,0.07923
Brand E,95399,0.935,0.055999999999999994,2,0.935,0.055999999999999994,0.125,0.05236
Brand C,60855,0.48250000000000004,0.2759999999999999,6,0.48250000000000004,0.2759999999999999,0.625,0.13316999999999996
Brand C,51127,0.4525,0.21199999999999997,6,0.4525,0.21199999999999997,0.625,0.09592999999999999
Brand B,54795,0.4175,0.41200000000000003,5,0.4175,0.41200000000000003,0.5,0.17201
Brand X,54119,0.38,0.236,8,0.38,0.236,0.875,0.08968
Brand X,57501,0.8225,0.924,8,0.8225,0.924,0.875,0.75999
Brand D,94023,0.8049999999999999,0.44799999999999995,9,0.8049999999999999,0.44799999999999995,1.0,0.36063999999999996
Brand C,57088,0.21750000000000003,0.676,6,0.21750000000000003,0.676,0.625,0.14703000000000002
Brand A,86984,0.065,0.32799999999999996,4,0.065,0.32799999999999996,0.375,0.02132
Brand D,64732,0.715,0.936,9,0.715,0.936,1.0,0.6692400000000001
Brand X,31892,0.61,0.22799999999999998,8,0.61,0.22799999999999998,0.875,0.13907999999999998
Brand Z,31159,0.95,0.4159999999999999,7,0.95,0.4159999999999999,0.75,0.3951999999999999
Brand A,42283,0.9325000000000001,0.5559999999999999,4,0.9325000000000001,0.5559999999999999,0.375,0.51847
Brand C,48723,0.3425,0.10399999999999998,6,0.3425,0.10399999999999998,0.625,0.03562
Brand A,69846,0.13,0.1479999999999999,4,0.13,0.1479999999999999,0.375,0.01923999999999999
Brand Z,46725,0.15250000000000002,0.18799999999999994,7,0.15250000000000002,0.18799999999999994,0.75,0.028669999999999998
Brand B,86990,0.185,0.016000000000000014,5,0.185,0.016000000000000014,0.5,0.0029600000000000026
Brand X,40206,0.7125,0.88,8,0.7125,0.88,0.875,0.627
Brand X,86117,0.28,0.7120000000000001,8,0.28,0.7120000000000001,0.875,0.19936000000000004
Brand X,81274,0.6375000000000001,0.7799999999999999,8,0.6375000000000001,0.7799999999999999,0.875,0.49725
Brand X,30183,0.7875000000000001,0.43999999999999995,8,0.7875000000000001,0.43999999999999995,0.875,0.3465
Brand Z,34535,0.24,0.20799999999999996,7,0.24,0.20799999999999996,0.75,0.04991999999999999
Brand C,35215,0.6925,0.612,6,0.6925,0.612,0.625,0.42381
Brand E,72980,0.485,0.472,2,0.485,0.472,0.125,0.22891999999999998
Brand Z,55921,0.8574999999999999,0.03999999999999998,7,0.8574999999999999,0.03999999999999998,0.75,0.03429999999999998
Brand B,95051,0.3125,0.09600000000000003,5,0.3125,0.09600000000000003,0.5,0.03000000000000001
